filename,width,height,class,xmin,ymin,xmax,ymax
5e95baa159176.jpg,800,200,s,90,54,162,138
5e95baa159176.jpg,800,200,m,160,52,297,135
5e95baa159176.jpg,800,200,i,289,37,330,134
5e95baa159176.jpg,800,200,l,327,43,362,134
5e95baa159176.jpg,800,200,e,360,64,436,135
5e95baa159176.jpg,800,200,d,436,46,522,135
5e95b346c4be4.jpg,800,200,b,314,52,401,148
5e95b346c4be4.jpg,800,200,u,402,69,470,146
5e95b346c4be4.jpg,800,200,f,471,49,531,146
5e95b346c4be4.jpg,800,200,f,532,49,595,146
5e95b346c4be4.jpg,800,200,e,594,69,676,145
5e95b346c4be4.jpg,800,200,t,677,61,730,145
5e95ac01c8fba.jpg,800,200,r,254,60,300,141
5e95ac01c8fba.jpg,800,200,i,297,46,339,142
5e95ac01c8fba.jpg,800,200,d,338,46,431,143
5e95ac01c8fba.jpg,800,200,l,432,45,469,143
5e95ac01c8fba.jpg,800,200,e,465,63,538,134
5e95ac01c8fba.jpg,800,200,y,539,67,609,151
5e95a899a6d24.jpg,800,200,s,67,63,136,140
5e95a899a6d24.jpg,800,200,t,139,49,194,142
5e95a899a6d24.jpg,800,200,i,195,38,235,143
5e95a899a6d24.jpg,800,200,r,238,57,299,141
5e95a899a6d24.jpg,800,200,k,301,40,386,138
5e95a899a6d24.jpg,800,200,s,388,65,447,136
5e95b1119cb5a.jpg,800,200,b,286,53,366,145
5e95b1119cb5a.jpg,800,200,a,365,65,457,145
5e95b1119cb5a.jpg,800,200,r,458,72,511,145
5e95b1119cb5a.jpg,800,200,n,512,72,593,144
5e95b1119cb5a.jpg,800,200,e,591,72,672,143
5e95b1119cb5a.jpg,800,200,d,671,56,755,145
5e95bc2e0668c.jpg,800,200,a,383,59,465,135
5e95bc2e0668c.jpg,800,200,f,464,45,523,138
5e95bc2e0668c.jpg,800,200,f,524,45,583,138
5e95bc2e0668c.jpg,800,200,i,582,43,620,136
5e95bc2e0668c.jpg,800,200,n,620,61,700,137
5e95bc2e0668c.jpg,800,200,e,696,61,779,136
5e95acb007b4d.jpg,800,200,u,272,60,350,139
5e95acb007b4d.jpg,800,200,n,353,61,438,137
5e95acb007b4d.jpg,800,200,p,438,65,513,156
5e95acb007b4d.jpg,800,200,i,513,44,550,135
5e95acb007b4d.jpg,800,200,c,550,62,624,137
5e95acb007b4d.jpg,800,200,k,626,45,710,137
5e95b93ab6756.jpg,800,200,s,138,60,210,137
5e95b93ab6756.jpg,800,200,w,214,63,321,136
5e95b93ab6756.jpg,800,200,a,317,64,400,130
5e95b93ab6756.jpg,800,200,g,397,69,481,150
5e95b93ab6756.jpg,800,200,e,483,64,564,135
5e95b93ab6756.jpg,800,200,d,565,47,648,135
5e95ba02ea3c4.jpg,800,200,m,187,55,308,136
5e95ba02ea3c4.jpg,800,200,e,306,56,395,138
5e95ba02ea3c4.jpg,800,200,a,394,59,468,137
5e95ba02ea3c4.jpg,800,200,l,467,43,506,142
5e95ba02ea3c4.jpg,800,200,i,504,43,544,142
5e95ba02ea3c4.jpg,800,200,e,546,60,629,140
5e95b9301dc41.jpg,800,200,t,101,56,163,147
5e95b9301dc41.jpg,800,200,e,164,68,249,148
5e95b9301dc41.jpg,800,200,n,249,64,326,146
5e95b9301dc41.jpg,800,200,t,323,52,386,144
5e95b9301dc41.jpg,800,200,h,389,50,473,146
5e95b9301dc41.jpg,800,200,s,472,68,534,145
5e95bbdf3cb37.jpg,800,200,s,101,59,170,135
5e95bbdf3cb37.jpg,800,200,y,171,61,239,153
5e95bbdf3cb37.jpg,800,200,n,238,55,324,141
5e95bbdf3cb37.jpg,800,200,c,322,58,393,138
5e95bbdf3cb37.jpg,800,200,o,392,61,470,135
5e95bbdf3cb37.jpg,800,200,m,472,62,590,135
birred.jpg,800,200,b,161,55,249,150
birred.jpg,800,200,i,250,54,284,150
birred.jpg,800,200,r,282,71,338,148
birred.jpg,800,200,r,336,67,397,144
birred.jpg,800,200,e,395,66,481,144
birred.jpg,800,200,d,480,56,560,144
5e95aa03361ce.jpg,800,200,e,253,57,330,131
5e95aa03361ce.jpg,800,200,r,329,60,388,138
5e95aa03361ce.jpg,800,200,b,391,41,475,141
5e95aa03361ce.jpg,800,200,i,473,44,512,142
5e95aa03361ce.jpg,800,200,u,512,61,588,144
5e95aa03361ce.jpg,800,200,m,595,66,714,145
5e95b40ca032e.jpg,800,200,a,168,62,258,138
5e95b40ca032e.jpg,800,200,b,260,44,349,138
5e95b40ca032e.jpg,800,200,i,349,43,387,158
5e95b40ca032e.jpg,800,200,u,387,62,455,137
5e95b40ca032e.jpg,800,200,r,456,66,511,136
5e95b40ca032e.jpg,800,200,e,511,66,591,136
5e95b8f5c8032.jpg,800,200,c,234,61,300,138
5e95b8f5c8032.jpg,800,200,i,298,47,332,140
5e95b8f5c8032.jpg,800,200,r,333,65,394,140
5e95b8f5c8032.jpg,800,200,c,394,64,466,141
5e95b8f5c8032.jpg,800,200,l,470,46,506,138
5e95b8f5c8032.jpg,800,200,e,505,60,585,133
burkes.jpg,800,200,b,168,55,256,151
burkes.jpg,800,200,u,256,68,332,148
burkes.jpg,800,200,r,332,69,390,145
burkes.jpg,800,200,k,392,58,475,151
burkes.jpg,800,200,e,473,74,550,146
burkes.jpg,800,200,s,550,71,620,145
beater.jpg,800,200,b,193,56,279,142
beater.jpg,800,200,e,281,78,357,145
beater.jpg,800,200,a,356,77,440,153
beater.jpg,800,200,t,442,62,507,156
beater.jpg,800,200,e,509,75,592,152
beater.jpg,800,200,r,591,74,645,145
5e95b189af9b9.jpg,800,200,h,325,52,414,153
5e95b189af9b9.jpg,800,200,u,417,72,488,149
5e95b189af9b9.jpg,800,200,l,489,57,524,146
5e95b189af9b9.jpg,800,200,l,522,57,558,148
5e95b189af9b9.jpg,800,200,o,561,74,644,147
5e95b189af9b9.jpg,800,200,s,645,73,709,143
5e95b9c8f2073.jpg,800,200,g,24,56,105,144
5e95b9c8f2073.jpg,800,200,a,106,54,190,129
5e95b9c8f2073.jpg,800,200,l,193,36,225,130
5e95b9c8f2073.jpg,800,200,o,230,51,310,128
5e95b9c8f2073.jpg,800,200,r,311,51,365,126
5e95b9c8f2073.jpg,800,200,e,362,44,448,127
5e95accadd14c.jpg,800,200,h,158,49,242,147
5e95accadd14c.jpg,800,200,o,245,65,328,144
5e95accadd14c.jpg,800,200,o,329,70,411,145
5e95accadd14c.jpg,800,200,t,408,62,472,147
5e95accadd14c.jpg,800,200,e,474,74,551,144
5e95accadd14c.jpg,800,200,r,553,72,608,145
5e95b456eadc1.jpg,800,200,s,361,63,427,131
5e95b456eadc1.jpg,800,200,h,427,48,513,132
5e95b456eadc1.jpg,800,200,a,514,63,594,133
5e95b456eadc1.jpg,800,200,n,597,65,677,136
5e95b456eadc1.jpg,800,200,t,677,52,734,136
5e95b456eadc1.jpg,800,200,i,733,47,766,135
5e95bad331081.jpg,800,200,d,29,54,112,145
5e95bad331081.jpg,800,200,r,111,75,168,147
5e95bad331081.jpg,800,200,a,165,74,260,149
5e95bad331081.jpg,800,200,w,255,72,358,148
5e95bad331081.jpg,800,200,e,357,69,442,147
5e95bad331081.jpg,800,200,e,442,72,522,145
5e95b118c0ac7.jpg,800,200,s,258,57,326,135
5e95b118c0ac7.jpg,800,200,u,325,56,403,134
5e95b118c0ac7.jpg,800,200,c,404,63,474,134
5e95b118c0ac7.jpg,800,200,c,474,63,546,136
5e95b118c0ac7.jpg,800,200,a,547,64,632,136
5e95b118c0ac7.jpg,800,200,h,630,47,711,136
batman.jpg,800,200,b,104,56,190,142
batman.jpg,800,200,a,192,73,274,142
batman.jpg,800,200,t,272,59,334,148
batman.jpg,800,200,m,336,72,464,148
batman.jpg,800,200,a,463,72,540,143
batman.jpg,800,200,n,540,75,624,144
5e95ad02b643f.jpg,800,200,p,172,48,256,147
5e95ad02b643f.jpg,800,200,e,256,49,341,128
5e95ad02b643f.jpg,800,200,t,344,39,400,128
5e95ad02b643f.jpg,800,200,i,401,32,441,124
5e95ad02b643f.jpg,800,200,t,439,35,497,124
5e95ad02b643f.jpg,800,200,e,497,46,582,121
5e95aa4fa968f.jpg,800,200,h,266,54,349,145
5e95aa4fa968f.jpg,800,200,a,352,73,429,147
5e95aa4fa968f.jpg,800,200,l,430,51,466,149
5e95aa4fa968f.jpg,800,200,l,466,50,505,150
5e95aa4fa968f.jpg,800,200,o,505,71,582,148
5e95aa4fa968f.jpg,800,200,t,581,57,643,146
5e95b2877e79f.jpg,800,200,r,194,46,264,138
5e95b2877e79f.jpg,800,200,e,267,49,356,136
5e95b2877e79f.jpg,800,200,b,359,42,436,134
5e95b2877e79f.jpg,800,200,i,438,44,469,135
5e95b2877e79f.jpg,800,200,d,470,45,553,135
5e95b2877e79f.jpg,800,200,s,552,62,621,135
5e95b929092e9.jpg,800,200,g,149,49,234,151
5e95b929092e9.jpg,800,200,u,234,40,321,129
5e95b929092e9.jpg,800,200,t,320,28,374,125
5e95b929092e9.jpg,800,200,t,372,29,435,123
5e95b929092e9.jpg,800,200,e,435,41,520,122
5e95b929092e9.jpg,800,200,d,520,33,598,122
5e95b485670a9.jpg,800,200,a,114,57,202,139
5e95b485670a9.jpg,800,200,b,203,41,296,137
5e95b485670a9.jpg,800,200,e,295,62,372,135
5e95b485670a9.jpg,800,200,l,372,46,403,136
5e95b485670a9.jpg,800,200,i,402,46,434,134
5e95b485670a9.jpg,800,200,a,434,61,516,137
5e95b4254b07a.jpg,800,200,b,252,53,341,143
5e95b4254b07a.jpg,800,200,e,341,70,423,143
5e95b4254b07a.jpg,800,200,l,422,59,457,145
5e95b4254b07a.jpg,800,200,o,456,78,539,145
5e95b4254b07a.jpg,800,200,n,540,74,618,144
5e95b4254b07a.jpg,800,200,g,618,76,699,164
5e95baede99fe.jpg,800,200,m,154,55,297,139
5e95baede99fe.jpg,800,200,i,295,37,336,140
5e95baede99fe.jpg,800,200,c,335,60,400,136
5e95baede99fe.jpg,800,200,k,398,43,477,136
5e95baede99fe.jpg,800,200,l,477,41,513,136
5e95baede99fe.jpg,800,200,e,512,61,594,137
5e95bc66e3a93.jpg,800,200,f,330,53,387,141
5e95bc66e3a93.jpg,800,200,i,387,53,426,145
5e95bc66e3a93.jpg,800,200,a,421,69,510,149
5e95bc66e3a93.jpg,800,200,c,507,70,581,149
5e95bc66e3a93.jpg,800,200,r,580,68,632,145
5e95bc66e3a93.jpg,800,200,e,634,70,716,145
aghast.jpg,800,200,a,248,61,321,138
aghast.jpg,800,200,g,321,60,413,157
aghast.jpg,800,200,h,415,44,491,136
aghast.jpg,800,200,a,490,66,580,141
aghast.jpg,800,200,s,580,64,645,137
aghast.jpg,800,200,t,645,51,704,136
5e95ba4b48c80.jpg,800,200,p,134,54,218,141
5e95ba4b48c80.jpg,800,200,p,298,53,381,145
5e95ba4b48c80.jpg,800,200,p,377,54,469,149
5e95ba4b48c80.jpg,800,200,u,217,52,296,124
5e95ba4b48c80.jpg,800,200,e,468,51,545,124
5e95ba4b48c80.jpg,800,200,d,548,35,633,122
5e95bc25aac67.jpg,800,200,k,305,46,394,143
5e95bc25aac67.jpg,800,200,i,393,49,426,141
5e95bc25aac67.jpg,800,200,b,429,47,509,144
5e95bc25aac67.jpg,800,200,e,509,64,593,144
5e95bc25aac67.jpg,800,200,i,597,45,634,146
5e95bc25aac67.jpg,800,200,s,633,65,695,146
5e95b2556ad92.jpg,800,200,g,37,55,119,144
5e95b2556ad92.jpg,800,200,r,121,51,173,120
5e95b2556ad92.jpg,800,200,i,167,31,207,116
5e95b2556ad92.jpg,800,200,m,210,48,335,122
5e95b2556ad92.jpg,800,200,e,334,53,414,124
5e95b2556ad92.jpg,800,200,s,414,52,480,124
5e95a31343bf9.jpg,800,200,d,379,55,466,143
5e95a31343bf9.jpg,800,200,r,466,74,515,146
5e95a31343bf9.jpg,800,200,o,515,73,605,153
5e95a31343bf9.jpg,800,200,i,606,54,641,149
5e95a31343bf9.jpg,800,200,t,642,61,695,147
5e95a31343bf9.jpg,800,200,s,698,72,768,145
acquit.jpg,800,200,a,136,54,220,135
acquit.jpg,800,200,c,223,54,294,129
acquit.jpg,800,200,q,295,54,389,151
acquit.jpg,800,200,u,389,58,456,132
acquit.jpg,800,200,i,456,44,488,134
acquit.jpg,800,200,t,490,52,545,136
5e95ab5593da8.jpg,800,200,s,173,48,264,138
5e95ab5593da8.jpg,800,200,m,264,52,385,136
5e95ab5593da8.jpg,800,200,u,388,59,458,136
5e95ab5593da8.jpg,800,200,d,461,44,546,138
5e95ab5593da8.jpg,800,200,g,545,66,632,157
5e95ab5593da8.jpg,800,200,y,628,62,701,157
5e95ba3c82086.jpg,800,200,b,172,51,260,151
5e95ba3c82086.jpg,800,200,i,259,52,301,153
5e95ba3c82086.jpg,800,200,a,302,66,385,149
5e95ba3c82086.jpg,800,200,s,384,71,447,146
5e95ba3c82086.jpg,800,200,e,446,72,528,144
5e95ba3c82086.jpg,800,200,d,528,55,612,145
5e95acf185bf0.jpg,800,200,w,263,58,380,138
5e95acf185bf0.jpg,800,200,e,381,59,463,141
5e95acf185bf0.jpg,800,200,e,461,62,538,136
5e95acf185bf0.jpg,800,200,v,536,62,605,136
5e95acf185bf0.jpg,800,200,e,604,62,688,136
5e95acf185bf0.jpg,800,200,r,688,64,746,137
5e95c2b981a96.jpg,800,200,c,303,64,383,144
5e95c2b981a96.jpg,800,200,l,381,47,422,146
5e95c2b981a96.jpg,800,200,a,422,64,506,144
5e95c2b981a96.jpg,800,200,w,508,61,611,137
5e95c2b981a96.jpg,800,200,e,612,60,695,135
5e95c2b981a96.jpg,800,200,d,697,47,779,137
5e95b9708ec93.jpg,800,200,e,330,57,420,136
5e95b9708ec93.jpg,800,200,l,420,42,459,136
5e95b9708ec93.jpg,800,200,u,458,63,519,138
5e95b9708ec93.jpg,800,200,v,522,69,598,142
5e95b9708ec93.jpg,800,200,i,596,49,632,139
5e95b9708ec93.jpg,800,200,a,637,65,712,137
carafe.jpg,800,200,c,179,60,256,133
carafe.jpg,800,200,a,255,64,334,142
carafe.jpg,800,200,r,334,65,397,145
carafe.jpg,800,200,a,397,62,476,143
carafe.jpg,800,200,f,477,43,535,138
carafe.jpg,800,200,e,537,59,623,137
bannet.jpg,800,200,b,56,56,136,145
bannet.jpg,800,200,a,136,65,229,145
bannet.jpg,800,200,n,228,69,306,145
bannet.jpg,800,200,n,307,79,382,146
bannet.jpg,800,200,e,382,73,469,151
bannet.jpg,800,200,t,469,61,531,151
5e95b046ceda9.jpg,800,200,g,260,46,346,147
5e95b046ceda9.jpg,800,200,a,345,52,425,125
5e95b046ceda9.jpg,800,200,l,424,36,455,124
5e95b046ceda9.jpg,800,200,l,455,36,489,124
5e95b046ceda9.jpg,800,200,e,488,52,569,125
5e95b046ceda9.jpg,800,200,d,569,35,655,125
abtect.jpg,800,200,o,346,67,429,140
abtect.jpg,800,200,b,429,46,514,135
abtect.jpg,800,200,t,514,50,571,136
abtect.jpg,800,200,e,569,63,651,135
abtect.jpg,800,200,c,652,61,726,136
abtect.jpg,800,200,t,725,51,781,137
5e95afe117b24.jpg,800,200,a,161,61,250,139
5e95afe117b24.jpg,800,200,n,250,61,333,139
5e95afe117b24.jpg,800,200,u,333,63,404,135
5e95afe117b24.jpg,800,200,r,403,67,458,137
5e95afe117b24.jpg,800,200,a,461,65,543,136
5e95afe117b24.jpg,800,200,n,547,66,629,137
acuter.jpg,800,200,a,318,65,405,142
acuter.jpg,800,200,c,407,63,478,140
acuter.jpg,800,200,u,480,60,551,135
acuter.jpg,800,200,t,551,47,614,135
acuter.jpg,800,200,e,619,60,698,135
acuter.jpg,800,200,r,700,65,753,138
5e95b9e37c2d6.jpg,800,200,t,196,57,260,149
5e95b9e37c2d6.jpg,800,200,h,262,52,331,146
5e95b9e37c2d6.jpg,800,200,y,334,75,405,160
5e95b9e37c2d6.jpg,800,200,m,406,71,523,145
5e95b9e37c2d6.jpg,800,200,i,522,48,560,145
5e95b9e37c2d6.jpg,800,200,c,560,69,629,144
5e95b7953a8b9.jpg,800,200,s,10,64,75,136
5e95b7953a8b9.jpg,800,200,t,77,53,130,139
5e95b7953a8b9.jpg,800,200,e,135,65,223,144
5e95b7953a8b9.jpg,800,200,e,226,64,308,142
5e95b7953a8b9.jpg,800,200,l,308,42,340,140
5e95b7953a8b9.jpg,800,200,y,340,66,411,159
5e95b48723f0e.jpg,800,200,d,396,56,483,149
5e95b48723f0e.jpg,800,200,i,486,55,522,149
5e95b48723f0e.jpg,800,200,r,522,73,577,148
5e95b48723f0e.jpg,800,200,e,578,74,651,144
5e95b48723f0e.jpg,800,200,s,652,73,721,145
5e95b48723f0e.jpg,800,200,t,721,60,777,145
5e95baee82c6d.jpg,800,200,g,57,51,140,144
5e95baee82c6d.jpg,800,200,a,139,44,219,126
5e95baee82c6d.jpg,800,200,s,217,44,304,131
5e95baee82c6d.jpg,800,200,l,302,32,333,129
5e95baee82c6d.jpg,800,200,i,331,30,366,128
5e95baee82c6d.jpg,800,200,t,366,37,424,128
5e95a422582fb.jpg,800,200,c,142,59,219,134
5e95a422582fb.jpg,800,200,h,220,44,301,137
5e95a422582fb.jpg,800,200,r,303,59,359,140
5e95a422582fb.jpg,800,200,o,357,60,436,142
5e95a422582fb.jpg,800,200,m,438,63,564,146
5e95a422582fb.jpg,800,200,o,564,63,641,140
5e95b2705d3c3.jpg,800,200,d,274,57,353,147
5e95b2705d3c3.jpg,800,200,i,353,56,392,149
5e95b2705d3c3.jpg,800,200,r,390,76,450,150
5e95b2705d3c3.jpg,800,200,e,453,73,525,147
5e95b2705d3c3.jpg,800,200,s,528,68,600,143
5e95b2705d3c3.jpg,800,200,t,598,57,659,143
5e95aa7f2bda1.jpg,800,200,a,277,56,358,136
5e95aa7f2bda1.jpg,800,200,w,355,60,472,136
5e95aa7f2bda1.jpg,800,200,a,473,59,553,137
5e95aa7f2bda1.jpg,800,200,i,548,45,586,138
5e95aa7f2bda1.jpg,800,200,t,587,50,641,138
5e95aa7f2bda1.jpg,800,200,s,641,61,717,136
annona.jpg,800,200,a,98,61,174,139
annona.jpg,800,200,n,175,61,264,143
annona.jpg,800,200,n,264,62,349,139
annona.jpg,800,200,o,348,59,428,136
annona.jpg,800,200,n,430,66,506,136
annona.jpg,800,200,a,505,64,588,136
5e95bf8f49a35.jpg,800,200,c,290,57,367,136
5e95bf8f49a35.jpg,800,200,a,369,60,448,131
5e95bf8f49a35.jpg,800,200,r,448,60,503,130
5e95bf8f49a35.jpg,800,200,d,503,44,588,137
5e95bf8f49a35.jpg,800,200,e,587,60,669,137
5e95bf8f49a35.jpg,800,200,r,671,59,727,138
5e95b0999cdb8.jpg,800,200,p,134,50,231,146
5e95b0999cdb8.jpg,800,200,o,230,44,324,126
5e95b0999cdb8.jpg,800,200,n,326,50,392,124
5e95b0999cdb8.jpg,800,200,l,393,48,428,125
5e95b0999cdb8.jpg,800,200,e,428,52,511,124
5e95b0999cdb8.jpg,800,200,d,511,35,597,125
5e95a902d4c6b.jpg,800,200,p,213,56,304,154
5e95a902d4c6b.jpg,800,200,a,308,56,384,128
5e95a902d4c6b.jpg,800,200,u,385,53,458,125
5e95a902d4c6b.jpg,800,200,n,458,54,538,125
5e95a902d4c6b.jpg,800,200,c,539,53,611,125
5e95a902d4c6b.jpg,800,200,h,613,37,696,125
5e95b112d0231.jpg,800,200,r,117,61,176,140
5e95b112d0231.jpg,800,200,e,176,60,264,141
5e95b112d0231.jpg,800,200,a,263,60,345,136
5e95b112d0231.jpg,800,200,p,346,64,427,154
5e95b112d0231.jpg,800,200,e,429,59,517,131
5e95b112d0231.jpg,800,200,d,515,47,597,133
caries.jpg,800,200,c,277,66,343,137
caries.jpg,800,200,a,345,64,426,136
caries.jpg,800,200,r,425,65,482,135
caries.jpg,800,200,l,481,47,518,136
caries.jpg,800,200,e,516,64,595,136
caries.jpg,800,200,s,596,64,666,136
5e95ac626de84.jpg,800,200,s,58,61,126,137
5e95ac626de84.jpg,800,200,n,125,64,211,142
5e95ac626de84.jpg,800,200,e,208,66,292,139
5e95ac626de84.jpg,800,200,a,290,68,376,141
5e95ac626de84.jpg,800,200,k,378,51,456,138
5e95ac626de84.jpg,800,200,s,457,58,531,133
5e95b9655a0c8.jpg,800,200,g,212,57,300,142
5e95b9655a0c8.jpg,800,200,l,300,36,331,121
5e95b9655a0c8.jpg,800,200,o,334,53,411,123
5e95b9655a0c8.jpg,800,200,w,414,55,517,125
5e95b9655a0c8.jpg,800,200,e,517,53,599,124
5e95b9655a0c8.jpg,800,200,d,598,36,683,124
5e95b9ce32f68.jpg,800,200,d,87,56,169,144
5e95b9ce32f68.jpg,800,200,a,172,76,257,147
5e95b9ce32f68.jpg,800,200,w,258,71,357,145
5e95b9ce32f68.jpg,800,200,i,358,51,394,145
5e95b9ce32f68.jpg,800,200,n,398,70,484,146
5e95b9ce32f68.jpg,800,200,g,481,77,558,163
5e95ca8b262d8.jpg,800,200,b,45,54,127,145
5e95ca8b262d8.jpg,800,200,u,132,70,204,149
5e95ca8b262d8.jpg,800,200,m,204,72,338,155
5e95ca8b262d8.jpg,800,200,p,336,72,417,165
5e95ca8b262d8.jpg,800,200,e,418,73,497,146
5e95ca8b262d8.jpg,800,200,d,496,55,580,146
apices.jpg,800,200,a,86,63,163,135
apices.jpg,800,200,p,162,63,251,158
apices.jpg,800,200,i,250,38,284,138
apices.jpg,800,200,c,282,57,366,143
apices.jpg,800,200,e,365,63,443,141
apices.jpg,800,200,s,443,63,508,136
burble.jpg,800,200,b,79,56,160,145
burble.jpg,800,200,u,160,76,247,148
burble.jpg,800,200,r,246,76,304,148
burble.jpg,800,200,b,300,56,379,145
burble.jpg,800,200,l,378,56,411,144
burble.jpg,800,200,e,411,72,492,145
5e95b04172d3f.jpg,800,200,w,252,58,349,131
5e95b04172d3f.jpg,800,200,a,352,62,442,141
5e95b04172d3f.jpg,800,200,r,441,65,505,142
5e95b04172d3f.jpg,800,200,s,504,65,566,136
5e95b04172d3f.jpg,800,200,a,568,62,652,135
5e95b04172d3f.jpg,800,200,w,649,64,755,135
5e95ba04ae2f6.jpg,800,200,f,282,49,341,147
5e95ba04ae2f6.jpg,800,200,o,339,66,428,147
5e95ba04ae2f6.jpg,800,200,e,428,68,502,148
5e95ba04ae2f6.jpg,800,200,m,501,74,628,150
5e95ba04ae2f6.jpg,800,200,a,626,70,708,146
5e95ba04ae2f6.jpg,800,200,n,708,69,787,145
alters.jpg,800,200,a,47,63,128,136
alters.jpg,800,200,l,128,45,164,138
alters.jpg,800,200,t,164,48,225,139
alters.jpg,800,200,e,224,58,306,137
alters.jpg,800,200,r,305,61,363,133
alters.jpg,800,200,s,362,62,435,132
5e95afa1b1430.jpg,800,200,d,145,51,236,144
5e95afa1b1430.jpg,800,200,e,235,67,323,146
5e95afa1b1430.jpg,800,200,m,322,73,442,149
5e95afa1b1430.jpg,800,200,e,440,78,523,144
5e95afa1b1430.jpg,800,200,a,526,74,607,144
5e95afa1b1430.jpg,800,200,n,606,73,686,146
5e95aa724dedc.jpg,800,200,g,347,50,439,151
5e95aa724dedc.jpg,800,200,e,437,45,523,128
5e95aa724dedc.jpg,800,200,n,521,49,595,126
5e95aa724dedc.jpg,800,200,t,594,37,656,126
5e95aa724dedc.jpg,800,200,l,652,35,694,126
5e95aa724dedc.jpg,800,200,y,690,51,762,145
5e95bb304448e.jpg,800,200,e,166,54,260,137
5e95bb304448e.jpg,800,200,n,260,57,334,137
5e95bb304448e.jpg,800,200,f,335,46,394,133
5e95bb304448e.jpg,800,200,a,396,63,481,132
5e95bb304448e.jpg,800,200,c,478,63,547,137
5e95bb304448e.jpg,800,200,e,550,63,638,140
blurry.jpg,800,200,b,277,55,352,144
blurry.jpg,800,200,l,353,57,392,147
blurry.jpg,800,200,u,394,75,464,146
blurry.jpg,800,200,r,464,70,519,148
blurry.jpg,800,200,r,519,71,581,149
blurry.jpg,800,200,y,581,75,657,171
5e95b9a474b64.jpg,800,200,n,21,65,99,135
5e95b9a474b64.jpg,800,200,e,102,62,179,136
5e95b9a474b64.jpg,800,200,u,181,62,267,140
5e95b9a474b64.jpg,800,200,r,265,66,319,141
5e95b9a474b64.jpg,800,200,o,317,65,400,137
5e95b9a474b64.jpg,800,200,n,404,64,477,135
5e95b8e154e51.jpg,800,200,g,8,56,92,143
5e95b8e154e51.jpg,800,200,l,92,37,123,125
5e95b8e154e51.jpg,800,200,i,124,35,161,123
5e95b8e154e51.jpg,800,200,t,163,37,225,124
5e95b8e154e51.jpg,800,200,c,228,52,298,124
5e95b8e154e51.jpg,800,200,h,298,37,378,124
5e95a007196a9.jpg,800,200,y,317,52,392,147
5e95a007196a9.jpg,800,200,a,393,47,477,124
5e95a007196a9.jpg,800,200,r,475,52,530,121
5e95a007196a9.jpg,800,200,n,531,51,614,120
5e95a007196a9.jpg,800,200,e,613,52,691,122
5e95a007196a9.jpg,800,200,d,691,34,779,124
5e95ba55c7bf1.jpg,800,200,p,110,54,195,148
5e95ba55c7bf1.jpg,800,200,i,195,32,238,133
5e95ba55c7bf1.jpg,800,200,b,237,32,318,131
5e95ba55c7bf1.jpg,800,200,a,320,41,409,126
5e95ba55c7bf1.jpg,800,200,l,406,33,443,126
5e95ba55c7bf1.jpg,800,200,s,441,51,503,122
5e95b17ea3f52.jpg,800,200,o,251,69,341,146
5e95b17ea3f52.jpg,800,200,r,343,64,393,141
5e95b17ea3f52.jpg,800,200,a,393,65,472,136
5e95b17ea3f52.jpg,800,200,i,473,48,508,136
5e95b17ea3f52.jpg,800,200,i,510,48,545,136
5e95b17ea3f52.jpg,800,200,y,543,68,612,156
5e95bc7a54fed.jpg,800,200,b,307,51,396,149
5e95bc7a54fed.jpg,800,200,r,396,63,459,147
5e95bc7a54fed.jpg,800,200,a,459,67,534,146
5e95bc7a54fed.jpg,800,200,c,535,68,608,145
5e95bc7a54fed.jpg,800,200,e,609,70,692,145
5e95bc7a54fed.jpg,800,200,s,695,71,764,145
5e95bb93a0bc8.jpg,800,200,i,17,52,54,144
5e95bb93a0bc8.jpg,800,200,c,54,66,118,143
5e95bb93a0bc8.jpg,800,200,e,121,63,206,141
5e95bb93a0bc8.jpg,800,200,m,206,64,333,146
5e95bb93a0bc8.jpg,800,200,a,333,71,410,144
5e95bb93a0bc8.jpg,800,200,n,412,70,491,144
5e95b9df47c7b.jpg,800,200,w,118,61,221,131
5e95b9df47c7b.jpg,800,200,a,223,59,304,136
5e95b9df47c7b.jpg,800,200,d,301,45,392,140
5e95b9df47c7b.jpg,800,200,m,395,61,513,139
5e95b9df47c7b.jpg,800,200,o,513,59,593,130
5e95b9df47c7b.jpg,800,200,l,597,45,631,132
5e95b91317806.jpg,800,200,m,250,57,377,134
5e95b91317806.jpg,800,200,i,375,45,409,135
5e95b91317806.jpg,800,200,n,409,59,485,133
5e95b91317806.jpg,800,200,i,484,45,520,136
5e95b91317806.jpg,800,200,f,521,43,579,135
5e95b91317806.jpg,800,200,y,579,65,650,154
5e95b8730551b.jpg,800,200,i,257,43,294,152
5e95b8730551b.jpg,800,200,u,292,62,364,135
5e95b8730551b.jpg,800,200,r,364,60,423,137
5e95b8730551b.jpg,800,200,o,426,59,509,139
5e95b8730551b.jpg,800,200,r,509,63,565,136
5e95b8730551b.jpg,800,200,s,565,61,635,137
5e95a28943313.jpg,800,200,r,38,60,96,138
5e95a28943313.jpg,800,200,a,94,54,182,137
5e95a28943313.jpg,800,200,c,182,51,259,136
5e95a28943313.jpg,800,200,e,259,57,343,134
5e95a28943313.jpg,800,200,r,346,59,403,140
5e95a28943313.jpg,800,200,s,400,60,472,141
5e95b97126ff1.jpg,800,200,g,181,57,262,138
5e95b97126ff1.jpg,800,200,o,261,47,343,119
5e95b97126ff1.jpg,800,200,o,345,44,434,124
5e95b97126ff1.jpg,800,200,f,435,34,487,122
5e95b97126ff1.jpg,800,200,e,490,48,574,129
5e95b97126ff1.jpg,800,200,d,579,35,660,125
5e95b22eb491f.jpg,800,200,t,103,56,155,144
5e95b22eb491f.jpg,800,200,s,157,64,228,150
5e95b22eb491f.jpg,800,200,u,228,61,307,146
5e95b22eb491f.jpg,800,200,r,307,58,371,144
5e95b22eb491f.jpg,800,200,i,366,44,407,144
5e95b22eb491f.jpg,800,200,s,409,65,475,141
5e95bae9c0a97.jpg,800,200,o,327,62,403,142
5e95bae9c0a97.jpg,800,200,u,404,60,477,136
5e95bae9c0a97.jpg,800,200,t,476,51,536,137
5e95bae9c0a97.jpg,800,200,i,532,45,570,154
5e95bae9c0a97.jpg,800,200,u,572,61,647,137
5e95bae9c0a97.jpg,800,200,t,649,49,709,136
5e95aa0e600eb.jpg,800,200,c,309,64,374,138
5e95aa0e600eb.jpg,800,200,h,377,48,459,136
5e95aa0e600eb.jpg,800,200,o,459,62,536,137
5e95aa0e600eb.jpg,800,200,k,536,45,619,140
5e95aa0e600eb.jpg,800,200,e,617,60,699,137
5e95aa0e600eb.jpg,800,200,y,696,66,773,158
5e95b368607d4.jpg,800,200,y,235,51,300,143
5e95b368607d4.jpg,800,200,o,304,55,384,129
5e95b368607d4.jpg,800,200,b,386,36,473,130
5e95b368607d4.jpg,800,200,b,472,34,555,126
5e95b368607d4.jpg,800,200,o,553,50,638,126
5e95b368607d4.jpg,800,200,s,641,49,709,126
boldly.jpg,800,200,b,391,56,474,145
boldly.jpg,800,200,o,477,73,557,145
boldly.jpg,800,200,l,557,57,593,145
boldly.jpg,800,200,d,590,55,676,145
boldly.jpg,800,200,l,678,56,714,145
boldly.jpg,800,200,y,710,75,779,165
5e95ba424f121.jpg,800,200,f,349,53,407,148
5e95ba424f121.jpg,800,200,l,407,52,441,149
5e95ba424f121.jpg,800,200,a,441,70,532,149
5e95ba424f121.jpg,800,200,u,529,72,601,146
5e95ba424f121.jpg,800,200,n,600,71,681,144
5e95ba424f121.jpg,800,200,t,681,59,741,145
5e95b09754a21.jpg,800,200,c,288,54,365,139
5e95b09754a21.jpg,800,200,e,367,61,437,138
5e95b09754a21.jpg,800,200,s,437,62,506,136
5e95b09754a21.jpg,800,200,t,504,52,564,136
5e95b09754a21.jpg,800,200,o,564,64,645,136
5e95b09754a21.jpg,800,200,i,648,47,683,135
5e95bb537bd81.jpg,800,200,b,78,52,157,146
5e95bb537bd81.jpg,800,200,l,155,42,197,149
5e95bb537bd81.jpg,800,200,o,190,62,287,148
5e95bb537bd81.jpg,800,200,w,283,75,386,149
5e95bb537bd81.jpg,800,200,s,382,69,452,145
5e95bb537bd81.jpg,800,200,y,449,74,519,167
5e95b9b988e1c.jpg,800,200,u,294,57,373,133
5e95b9b988e1c.jpg,800,200,n,377,59,460,133
5e95b9b988e1c.jpg,800,200,h,461,49,535,134
5e95b9b988e1c.jpg,800,200,u,539,66,614,134
5e95b9b988e1c.jpg,800,200,r,618,64,671,134
5e95b9b988e1c.jpg,800,200,t,672,53,728,136
abamps.jpg,800,200,a,15,60,100,137
abamps.jpg,800,200,b,100,44,185,139
abamps.jpg,800,200,a,183,60,270,138
abamps.jpg,800,200,m,269,62,390,138
abamps.jpg,800,200,p,391,67,471,155
abamps.jpg,800,200,s,471,64,545,135
5e95b1123a96d.jpg,800,200,c,54,61,125,136
5e95b1123a96d.jpg,800,200,u,126,58,209,136
5e95b1123a96d.jpg,800,200,r,207,59,265,137
5e95b1123a96d.jpg,800,200,b,269,43,350,143
5e95b1123a96d.jpg,800,200,e,348,64,440,147
5e95b1123a96d.jpg,800,200,d,438,46,518,142
bateau.jpg,800,200,b,25,56,104,146
bateau.jpg,800,200,a,104,73,191,152
bateau.jpg,800,200,t,192,58,251,157
bateau.jpg,800,200,e,253,63,346,158
bateau.jpg,800,200,a,345,66,427,147
bateau.jpg,800,200,u,426,71,496,146
5e95ac441eb11.jpg,800,200,p,88,51,165,146
5e95ac441eb11.jpg,800,200,r,167,45,233,131
5e95ac441eb11.jpg,800,200,o,234,46,324,130
5e95ac441eb11.jpg,800,200,l,322,33,359,129
5e95ac441eb11.jpg,800,200,o,358,51,429,124
5e95ac441eb11.jpg,800,200,g,431,56,515,145
5e95b98940fd0.jpg,800,200,r,105,63,158,137
5e95b98940fd0.jpg,800,200,e,161,62,246,136
5e95b98940fd0.jpg,800,200,e,244,61,321,133
5e95b98940fd0.jpg,800,200,c,320,57,395,133
5e95b98940fd0.jpg,800,200,h,397,44,476,135
5e95b98940fd0.jpg,800,200,o,478,66,560,142
bupkes.jpg,800,200,b,129,52,221,144
bupkes.jpg,800,200,u,222,68,295,143
bupkes.jpg,800,200,p,298,75,379,168
bupkes.jpg,800,200,k,382,55,464,149
bupkes.jpg,800,200,e,464,69,544,140
bupkes.jpg,800,200,s,545,68,620,140
aimtul.jpg,800,200,a,41,61,125,136
aimtul.jpg,800,200,i,126,44,156,134
aimtul.jpg,800,200,m,154,61,287,140
aimtul.jpg,800,200,f,288,42,347,139
aimtul.jpg,800,200,u,345,63,415,137
aimtul.jpg,800,200,l,416,48,451,136
5e95bae1770c6.jpg,800,200,l,176,54,217,154
5e95bae1770c6.jpg,800,200,a,217,72,302,150
5e95bae1770c6.jpg,800,200,m,303,73,420,149
5e95bae1770c6.jpg,800,200,e,420,71,503,149
5e95bae1770c6.jpg,800,200,n,504,72,586,148
5e95bae1770c6.jpg,800,200,t,588,58,641,145
5e95b24b6a0a8.jpg,800,200,s,253,63,330,145
5e95b24b6a0a8.jpg,800,200,t,326,53,382,138
5e95b24b6a0a8.jpg,800,200,i,381,48,414,135
5e95b24b6a0a8.jpg,800,200,n,414,65,495,136
5e95b24b6a0a8.jpg,800,200,t,494,53,551,136
5e95b24b6a0a8.jpg,800,200,s,555,63,623,136
5e95aa73766f6.jpg,800,200,f,189,51,247,146
5e95aa73766f6.jpg,800,200,r,251,71,303,147
5e95aa73766f6.jpg,800,200,o,301,72,381,150
5e95aa73766f6.jpg,800,200,w,381,70,492,153
5e95aa73766f6.jpg,800,200,s,487,67,553,140
5e95aa73766f6.jpg,800,200,t,557,55,619,141
5e95ac454ba38.jpg,800,200,d,33,54,115,145
5e95ac454ba38.jpg,800,200,i,112,54,151,149
5e95ac454ba38.jpg,800,200,p,154,77,238,169
5e95ac454ba38.jpg,800,200,s,240,71,307,150
5e95ac454ba38.jpg,800,200,o,306,70,386,147
5e95ac454ba38.jpg,800,200,s,383,71,462,147
5e95a3847b589.jpg,800,200,t,278,53,343,140
5e95a3847b589.jpg,800,200,e,343,69,421,138
5e95a3847b589.jpg,800,200,r,421,70,474,141
5e95a3847b589.jpg,800,200,r,474,70,529,143
5e95a3847b589.jpg,800,200,a,531,69,615,142
5e95a3847b589.jpg,800,200,s,615,68,684,142
5e95af8860a6f.jpg,800,200,m,231,57,365,143
5e95af8860a6f.jpg,800,200,i,363,37,402,137
5e95af8860a6f.jpg,800,200,d,399,46,476,133
5e95af8860a6f.jpg,800,200,c,477,62,547,136
5e95af8860a6f.jpg,800,200,a,547,62,632,137
5e95af8860a6f.jpg,800,200,p,631,67,716,154
5e95aadd9ec19.jpg,800,200,l,345,53,387,152
5e95aadd9ec19.jpg,800,200,o,386,71,464,149
5e95aadd9ec19.jpg,800,200,r,462,68,518,144
5e95aadd9ec19.jpg,800,200,i,519,54,557,144
5e95aadd9ec19.jpg,800,200,e,557,72,632,145
5e95aadd9ec19.jpg,800,200,s,634,71,703,145
5e95aaa44d71c.jpg,800,200,f,114,46,177,145
5e95aaa44d71c.jpg,800,200,i,174,46,220,146
5e95aaa44d71c.jpg,800,200,s,219,61,285,147
5e95aaa44d71c.jpg,800,200,h,286,55,370,154
5e95aaa44d71c.jpg,800,200,e,371,70,449,154
5e95aaa44d71c.jpg,800,200,s,446,64,519,145
5e95b056d5870.jpg,800,200,i,231,39,274,154
5e95b056d5870.jpg,800,200,a,274,59,355,133
5e95b056d5870.jpg,800,200,z,355,65,430,136
5e95b056d5870.jpg,800,200,z,429,66,508,136
5e95b056d5870.jpg,800,200,e,509,64,592,136
5e95b056d5870.jpg,800,200,s,590,64,660,136
5e95a198a90fc.jpg,800,200,n,79,61,154,135
5e95a198a90fc.jpg,800,200,y,154,64,229,157
5e95a198a90fc.jpg,800,200,a,233,61,309,137
5e95a198a90fc.jpg,800,200,l,306,44,343,142
5e95a198a90fc.jpg,800,200,a,341,62,435,146
5e95a198a90fc.jpg,800,200,s,433,61,496,138
5e95a893c31eb.jpg,800,200,a,299,51,392,144
5e95a893c31eb.jpg,800,200,h,393,36,473,143
5e95a893c31eb.jpg,800,200,i,474,45,508,139
5e95a893c31eb.jpg,800,200,m,509,61,624,138
5e95a893c31eb.jpg,800,200,s,625,63,694,139
5e95a893c31eb.jpg,800,200,a,695,66,779,138
bazars.jpg,800,200,b,262,54,348,153
bazars.jpg,800,200,a,350,76,435,152
bazars.jpg,800,200,z,435,76,510,148
bazars.jpg,800,200,a,510,73,592,146
bazars.jpg,800,200,r,593,73,648,145
bazars.jpg,800,200,s,648,72,717,145
5e95b3854b9b6.jpg,800,200,b,307,57,392,144
5e95b3854b9b6.jpg,800,200,e,393,73,469,145
5e95b3854b9b6.jpg,800,200,e,468,75,554,151
5e95b3854b9b6.jpg,800,200,z,554,74,642,153
5e95b3854b9b6.jpg,800,200,e,641,74,714,146
5e95b3854b9b6.jpg,800,200,r,716,73,773,145
5e95bc5087377.jpg,800,200,s,333,59,392,137
5e95bc5087377.jpg,800,200,q,392,63,477,155
5e95bc5087377.jpg,800,200,u,474,61,551,137
5e95bc5087377.jpg,800,200,a,551,62,636,136
5e95bc5087377.jpg,800,200,s,638,60,707,136
5e95bc5087377.jpg,800,200,h,707,45,789,137
5e95baf0d3f20.jpg,800,200,c,57,61,127,136
5e95baf0d3f20.jpg,800,200,e,128,61,208,140
5e95baf0d3f20.jpg,800,200,n,208,59,292,143
5e95baf0d3f20.jpg,800,200,t,295,46,359,139
5e95baf0d3f20.jpg,800,200,u,361,58,435,137
5e95baf0d3f20.jpg,800,200,m,436,62,554,136
5e95ba1baf36b.jpg,800,200,a,107,61,184,135
5e95ba1baf36b.jpg,800,200,l,184,41,222,138
5e95ba1baf36b.jpg,800,200,e,221,59,311,143
5e95ba1baf36b.jpg,800,200,x,313,62,400,139
5e95ba1baf36b.jpg,800,200,i,398,46,433,132
5e95ba1baf36b.jpg,800,200,n,434,60,513,136
5e95c85ed6bad.jpg,800,200,o,118,60,199,139
5e95c85ed6bad.jpg,800,200,x,200,60,287,140
5e95c85ed6bad.jpg,800,200,a,288,62,367,130
5e95c85ed6bad.jpg,800,200,l,366,43,403,134
5e95c85ed6bad.jpg,800,200,i,401,40,440,138
5e95c85ed6bad.jpg,800,200,s,438,55,515,139
5e95aad7c5834.jpg,800,200,b,29,56,109,146
5e95aad7c5834.jpg,800,200,u,109,74,193,153
5e95aad7c5834.jpg,800,200,n,193,75,282,153
5e95aad7c5834.jpg,800,200,t,280,62,331,147
5e95aad7c5834.jpg,800,200,e,332,72,415,141
5e95aad7c5834.jpg,800,200,r,416,74,473,142
adnate.jpg,800,200,a,249,59,333,141
adnate.jpg,800,200,d,337,47,413,136
adnate.jpg,800,200,n,412,65,494,136
adnate.jpg,800,200,a,496,64,576,136
adnate.jpg,800,200,t,575,52,631,136
adnate.jpg,800,200,e,631,61,713,136
5e95b9169d0de.jpg,800,200,h,312,53,398,143
5e95b9169d0de.jpg,800,200,o,398,70,477,146
5e95b9169d0de.jpg,800,200,p,481,73,568,167
5e95b9169d0de.jpg,800,200,p,571,75,649,163
5e95b9169d0de.jpg,800,200,e,651,73,732,143
5e95b9169d0de.jpg,800,200,r,731,72,788,144
5e95b92c8cfae.jpg,800,200,s,244,57,318,141
5e95b92c8cfae.jpg,800,200,t,316,52,373,141
5e95b92c8cfae.jpg,800,200,r,371,65,426,139
5e95b92c8cfae.jpg,800,200,a,426,67,507,136
5e95b92c8cfae.jpg,800,200,i,507,48,541,136
5e95b92c8cfae.jpg,800,200,n,541,65,621,136
5e95ba2521a0d.jpg,800,200,r,155,58,217,136
5e95ba2521a0d.jpg,800,200,e,215,62,297,132
5e95ba2521a0d.jpg,800,200,l,294,47,333,133
5e95ba2521a0d.jpg,800,200,i,325,49,366,135
5e95ba2521a0d.jpg,800,200,c,366,64,438,137
5e95ba2521a0d.jpg,800,200,s,436,59,506,137
5e95bb734930d.jpg,800,200,d,41,53,127,144
5e95bb734930d.jpg,800,200,i,127,53,160,145
5e95bb734930d.jpg,800,200,n,160,70,246,145
5e95bb734930d.jpg,800,200,n,244,74,320,149
5e95bb734930d.jpg,800,200,e,318,74,405,152
5e95bb734930d.jpg,800,200,d,408,52,494,149
5e95ba5ce15dc.jpg,800,200,c,54,61,125,136
5e95ba5ce15dc.jpg,800,200,o,126,63,201,137
5e95ba5ce15dc.jpg,800,200,p,202,62,284,156
5e95ba5ce15dc.jpg,800,200,i,285,36,325,140
5e95ba5ce15dc.jpg,800,200,e,325,58,412,141
5e95ba5ce15dc.jpg,800,200,r,410,61,467,141
bluing.jpg,800,200,b,63,56,140,146
bluing.jpg,800,200,l,140,51,181,147
bluing.jpg,800,200,u,180,68,261,147
bluing.jpg,800,200,i,263,51,298,147
bluing.jpg,800,200,n,298,70,376,145
bluing.jpg,800,200,g,379,82,459,164
5e95a193d6eba.jpg,800,200,r,249,55,319,147
5e95a193d6eba.jpg,800,200,e,319,63,390,139
5e95a193d6eba.jpg,800,200,s,388,60,456,137
5e95a193d6eba.jpg,800,200,h,458,45,538,137
5e95a193d6eba.jpg,800,200,o,537,63,616,137
5e95a193d6eba.jpg,800,200,d,617,43,704,137
carack.jpg,800,200,c,77,63,149,135
carack.jpg,800,200,a,150,62,238,134
carack.jpg,800,200,r,237,66,287,134
carack.jpg,800,200,a,287,64,365,138
carack.jpg,800,200,c,366,60,445,141
carack.jpg,800,200,k,445,41,536,141
augury.jpg,800,200,a,255,63,331,135
augury.jpg,800,200,u,334,63,413,135
augury.jpg,800,200,g,412,66,494,156
augury.jpg,800,200,u,495,65,569,136
augury.jpg,800,200,r,569,65,624,136
augury.jpg,800,200,y,624,68,692,155
5e95b31b8ab31.jpg,800,200,c,265,62,337,137
5e95b31b8ab31.jpg,800,200,h,338,48,418,139
5e95b31b8ab31.jpg,800,200,o,420,65,501,135
5e95b31b8ab31.jpg,800,200,r,500,64,558,136
5e95b31b8ab31.jpg,800,200,i,559,44,593,135
5e95b31b8ab31.jpg,800,200,c,593,63,666,136
5e95b9811ec65.jpg,800,200,s,117,62,184,140
5e95b9811ec65.jpg,800,200,e,187,59,285,146
5e95b9811ec65.jpg,800,200,e,286,63,365,143
5e95b9811ec65.jpg,800,200,d,366,50,445,140
5e95b9811ec65.jpg,800,200,e,445,64,523,136
5e95b9811ec65.jpg,800,200,d,526,48,612,135
5e95ab4f20ff1.jpg,800,200,m,47,63,157,138
5e95ab4f20ff1.jpg,800,200,o,157,59,247,141
5e95ab4f20ff1.jpg,800,200,b,248,41,338,143
5e95ab4f20ff1.jpg,800,200,b,343,41,423,140
5e95ab4f20ff1.jpg,800,200,e,420,61,500,137
5e95ab4f20ff1.jpg,800,200,d,499,43,586,136
5e95b44bbf895.jpg,800,200,u,186,58,260,134
5e95b44bbf895.jpg,800,200,n,261,61,346,140
5e95b44bbf895.jpg,800,200,s,346,64,416,143
5e95b44bbf895.jpg,800,200,u,416,64,493,142
5e95b44bbf895.jpg,800,200,n,496,64,573,135
5e95b44bbf895.jpg,800,200,g,572,67,654,154
brazil.jpg,800,200,b,181,51,273,149
brazil.jpg,800,200,r,272,72,320,147
brazil.jpg,800,200,a,323,70,412,145
brazil.jpg,800,200,z,412,72,489,145
brazil.jpg,800,200,i,490,55,525,143
brazil.jpg,800,200,l,524,57,558,143
alleys.jpg,800,200,a,267,59,348,128
alleys.jpg,800,200,l,347,48,380,133
alleys.jpg,800,200,w,380,48,417,136
alleys.jpg,800,200,e,418,63,499,136
alleys.jpg,800,200,y,501,69,568,155
alleys.jpg,800,200,s,566,61,636,136
5e95ab016e735.jpg,800,200,t,302,52,381,156
5e95ab016e735.jpg,800,200,u,383,66,457,151
5e95ab016e735.jpg,800,200,r,457,67,512,149
5e95ab016e735.jpg,800,200,k,511,51,590,150
5e95ab016e735.jpg,800,200,e,590,69,672,142
5e95ab016e735.jpg,800,200,y,670,72,744,162
5e95c1e615cea.jpg,800,200,p,92,53,178,142
5e95c1e615cea.jpg,800,200,o,179,51,263,123
5e95c1e615cea.jpg,800,200,r,263,55,321,127
5e95c1e615cea.jpg,800,200,i,320,37,357,130
5e95c1e615cea.jpg,800,200,s,358,52,423,128
5e95c1e615cea.jpg,800,200,m,424,53,542,126
5e95abef222cf.jpg,800,200,g,105,53,191,146
5e95abef222cf.jpg,800,200,e,189,50,270,120
5e95abef222cf.jpg,800,200,e,270,44,355,122
5e95abef222cf.jpg,800,200,s,358,44,423,127
5e95abef222cf.jpg,800,200,t,424,39,480,126
5e95abef222cf.jpg,800,200,s,481,48,552,125
aether.jpg,800,200,a,10,63,97,135
aether.jpg,800,200,e,97,63,175,133
aether.jpg,800,200,t,175,49,235,130
aether.jpg,800,200,h,238,41,324,140
aether.jpg,800,200,e,323,58,407,141
aether.jpg,800,200,r,407,64,458,139
ascent.jpg,800,200,a,85,63,163,135
ascent.jpg,800,200,c,165,58,243,135
ascent.jpg,800,200,c,241,63,309,135
ascent.jpg,800,200,e,309,65,395,140
ascent.jpg,800,200,n,395,64,469,138
ascent.jpg,800,200,t,469,51,529,133
5e95b90176fe0.jpg,800,200,h,27,54,104,143
5e95b90176fe0.jpg,800,200,e,106,68,190,143
5e95b90176fe0.jpg,800,200,i,191,51,228,143
5e95b90176fe0.jpg,800,200,l,228,52,259,139
5e95b90176fe0.jpg,800,200,e,262,74,340,147
5e95b90176fe0.jpg,800,200,d,343,56,434,150
5e95b8c33b92d.jpg,800,200,r,173,68,229,135
5e95b8c33b92d.jpg,800,200,o,227,64,304,138
5e95b8c33b92d.jpg,800,200,b,305,43,396,139
5e95b8c33b92d.jpg,800,200,a,398,59,481,138
5e95b8c33b92d.jpg,800,200,n,483,59,563,134
5e95b8c33b92d.jpg,800,200,d,563,48,651,133
5e95a809c4431.jpg,800,200,b,151,55,247,154
5e95a809c4431.jpg,800,200,l,247,54,288,148
5e95a809c4431.jpg,800,200,o,287,73,359,148
5e95a809c4431.jpg,800,200,k,361,53,444,148
5e95a809c4431.jpg,800,200,e,444,67,529,147
5e95a809c4431.jpg,800,200,s,527,69,600,148
batted.jpg,800,200,b,152,54,240,143
batted.jpg,800,200,a,241,69,332,149
batted.jpg,800,200,t,332,54,391,149
batted.jpg,800,200,t,391,58,447,147
batted.jpg,800,200,e,447,73,526,145
batted.jpg,800,200,d,526,56,611,145
5e95b95e50875.jpg,800,200,d,158,56,244,144
5e95b95e50875.jpg,800,200,e,243,76,324,149
5e95b95e50875.jpg,800,200,w,324,75,429,151
5e95b95e50875.jpg,800,200,o,431,71,512,149
5e95b95e50875.jpg,800,200,r,513,70,575,149
5e95b95e50875.jpg,800,200,m,573,74,686,147
5e95a24172c34.jpg,800,200,d,20,56,102,146
5e95a24172c34.jpg,800,200,i,103,56,135,147
5e95a24172c34.jpg,800,200,b,138,52,224,151
5e95a24172c34.jpg,800,200,b,223,52,307,152
5e95a24172c34.jpg,800,200,e,307,71,391,145
5e95a24172c34.jpg,800,200,r,391,71,447,142
audads.jpg,800,200,a,195,58,281,136
audads.jpg,800,200,u,280,65,355,136
audads.jpg,800,200,d,358,42,440,137
audads.jpg,800,200,a,438,56,529,137
audads.jpg,800,200,d,530,47,610,138
audads.jpg,800,200,s,611,63,677,136
5e95a810ade94.jpg,800,200,t,174,49,246,156
5e95a810ade94.jpg,800,200,a,246,62,342,149
5e95a810ade94.jpg,800,200,m,341,70,453,147
5e95a810ade94.jpg,800,200,m,454,69,574,143
5e95a810ade94.jpg,800,200,i,572,50,613,142
5e95a810ade94.jpg,800,200,e,610,69,694,142
5e95a8374bd5b.jpg,800,200,t,35,58,93,142
5e95a8374bd5b.jpg,800,200,e,94,68,173,141
5e95a8374bd5b.jpg,800,200,a,176,64,266,141
5e95a8374bd5b.jpg,800,200,z,266,69,340,140
5e95a8374bd5b.jpg,800,200,l,340,53,378,141
5e95a8374bd5b.jpg,800,200,e,377,70,453,145
adhere.jpg,800,200,a,60,63,139,136
adhere.jpg,800,200,d,141,44,232,137
adhere.jpg,800,200,h,232,47,311,140
adhere.jpg,800,200,e,310,62,387,142
adhere.jpg,800,200,r,387,59,448,139
adhere.jpg,800,200,e,448,57,535,136
5e95b40dd44fe.jpg,800,200,l,338,55,373,149
5e95b40dd44fe.jpg,800,200,i,375,56,411,147
5e95b40dd44fe.jpg,800,200,a,414,72,490,144
5e95b40dd44fe.jpg,800,200,i,490,56,522,144
5e95b40dd44fe.jpg,800,200,s,524,72,591,144
5e95b40dd44fe.jpg,800,200,e,590,72,671,144
5e95bac51e551.jpg,800,200,d,377,54,464,145
5e95bac51e551.jpg,800,200,i,464,54,501,146
5e95bac51e551.jpg,800,200,n,500,73,580,146
5e95bac51e551.jpg,800,200,d,581,53,667,143
5e95bac51e551.jpg,800,200,l,663,51,700,144
5e95bac51e551.jpg,800,200,e,699,72,782,144
5e95b51d71664.jpg,800,200,s,122,60,194,133
5e95b51d71664.jpg,800,200,h,198,48,282,134
5e95b51d71664.jpg,800,200,n,283,69,353,139
5e95b51d71664.jpg,800,200,o,357,63,443,141
5e95b51d71664.jpg,800,200,o,441,63,528,140
5e95b51d71664.jpg,800,200,k,530,46,601,137
5e95a0688d4ce.jpg,800,200,t,111,54,175,147
5e95a0688d4ce.jpg,800,200,o,176,69,267,150
5e95a0688d4ce.jpg,800,200,m,263,64,382,145
5e95a0688d4ce.jpg,800,200,c,387,67,452,144
5e95a0688d4ce.jpg,800,200,a,451,67,536,142
5e95a0688d4ce.jpg,800,200,t,534,54,596,142
5e95ba4546f17.jpg,800,200,s,126,57,189,135
5e95ba4546f17.jpg,800,200,c,190,55,266,136
5e95ba4546f17.jpg,800,200,r,267,56,328,142
5e95ba4546f17.jpg,800,200,i,326,38,368,149
5e95ba4546f17.jpg,800,200,p,366,63,446,164
5e95ba4546f17.jpg,800,200,s,446,62,511,136
5e95b44d7f0f9.jpg,800,200,m,127,65,263,141
5e95b44d7f0f9.jpg,800,200,a,263,61,339,135
5e95b44d7f0f9.jpg,800,200,s,341,62,402,134
5e95b44d7f0f9.jpg,800,200,k,401,42,492,138
5e95b44d7f0f9.jpg,800,200,e,491,62,571,137
5e95b44d7f0f9.jpg,800,200,d,569,45,653,135
5e95afbd89919.jpg,800,200,d,218,44,315,152
5e95afbd89919.jpg,800,200,e,315,64,401,145
5e95afbd89919.jpg,800,200,o,399,66,477,144
5e95afbd89919.jpg,800,200,d,476,55,561,142
5e95afbd89919.jpg,800,200,a,559,72,642,146
5e95afbd89919.jpg,800,200,r,641,74,698,144
5e95b008175f7.jpg,800,200,f,6,56,61,145
5e95b008175f7.jpg,800,200,o,62,71,141,149
5e95b008175f7.jpg,800,200,e,141,69,227,151
5e95b008175f7.jpg,800,200,h,225,47,314,151
5e95b008175f7.jpg,800,200,n,314,65,400,152
5e95b008175f7.jpg,800,200,s,399,68,469,150
5e95ab61cec44.jpg,800,200,m,238,56,364,142
5e95ab61cec44.jpg,800,200,e,365,56,452,139
5e95ab61cec44.jpg,800,200,r,455,59,502,138
5e95ab61cec44.jpg,800,200,c,506,64,574,135
5e95ab61cec44.jpg,800,200,e,580,62,657,138
5e95ab61cec44.jpg,800,200,r,659,63,714,136
5e95bc80dd3f4.jpg,800,200,h,82,50,165,146
5e95bc80dd3f4.jpg,800,200,a,166,60,251,146
5e95bc80dd3f4.jpg,800,200,l,249,41,288,146
5e95bc80dd3f4.jpg,800,200,i,288,44,324,144
5e95bc80dd3f4.jpg,800,200,t,321,48,383,145
5e95bc80dd3f4.jpg,800,200,e,381,67,461,144
5e95ba3d1b5eb.jpg,800,200,n,326,60,409,139
5e95ba3d1b5eb.jpg,800,200,o,409,62,486,138
5e95ba3d1b5eb.jpg,800,200,v,483,64,553,136
5e95ba3d1b5eb.jpg,800,200,i,551,45,591,136
5e95ba3d1b5eb.jpg,800,200,c,590,61,661,136
5e95ba3d1b5eb.jpg,800,200,e,661,61,743,136
5e95bba525ef4.jpg,800,200,s,124,58,188,140
5e95bba525ef4.jpg,800,200,p,185,52,292,164
5e95bba525ef4.jpg,800,200,r,289,52,338,137
5e95bba525ef4.jpg,800,200,i,336,45,373,133
5e95bba525ef4.jpg,800,200,t,366,51,424,135
5e95bba525ef4.jpg,800,200,z,426,60,504,134
5e95a89a478d4.jpg,800,200,a,137,56,225,133
5e95a89a478d4.jpg,800,200,h,226,42,310,134
5e95a89a478d4.jpg,800,200,o,309,57,392,134
5e95a89a478d4.jpg,800,200,l,388,49,425,131
5e95a89a478d4.jpg,800,200,d,428,47,509,137
5e95a89a478d4.jpg,800,200,s,507,58,577,137
amazes.jpg,800,200,a,195,61,291,146
amazes.jpg,800,200,m,294,66,407,139
amazes.jpg,800,200,a,407,63,489,136
amazes.jpg,800,200,z,487,64,567,136
amazes.jpg,800,200,e,567,63,648,136
amazes.jpg,800,200,s,647,63,716,136
5e95a9011d2c4.jpg,800,200,n,241,66,317,139
5e95a9011d2c4.jpg,800,200,e,318,63,410,142
5e95a9011d2c4.jpg,800,200,u,410,61,477,139
5e95a9011d2c4.jpg,800,200,r,476,60,538,140
5e95a9011d2c4.jpg,800,200,a,538,59,624,138
5e95a9011d2c4.jpg,800,200,l,625,47,657,135
5e95ac4135fe0.jpg,800,200,s,71,61,140,136
5e95ac4135fe0.jpg,800,200,e,139,64,218,139
5e95ac4135fe0.jpg,800,200,a,222,61,320,148
5e95ac4135fe0.jpg,800,200,b,320,42,396,140
5e95ac4135fe0.jpg,800,200,a,395,62,479,137
5e95ac4135fe0.jpg,800,200,g,480,65,564,157
5e95aa4c2530e.jpg,800,200,t,34,55,94,147
5e95aa4c2530e.jpg,800,200,o,91,68,172,150
5e95aa4c2530e.jpg,800,200,w,172,67,284,149
5e95aa4c2530e.jpg,800,200,n,278,62,368,148
5e95aa4c2530e.jpg,800,200,e,362,66,443,146
5e95aa4c2530e.jpg,800,200,e,442,67,526,143
5e95b49c26935.jpg,800,200,i,64,55,100,144
5e95b49c26935.jpg,800,200,n,100,74,181,143
5e95b49c26935.jpg,800,200,m,184,73,302,146
5e95b49c26935.jpg,800,200,a,303,69,388,146
5e95b49c26935.jpg,800,200,t,387,57,446,147
5e95b49c26935.jpg,800,200,e,449,72,528,149
5e95bc26da2cb.jpg,800,200,n,127,57,208,137
5e95bc26da2cb.jpg,800,200,u,209,58,284,138
5e95bc26da2cb.jpg,800,200,t,287,48,344,133
5e95bc26da2cb.jpg,800,200,l,343,40,381,132
5e95bc26da2cb.jpg,800,200,e,382,52,469,133
5e95bc26da2cb.jpg,800,200,t,471,51,524,133
5e95b9ea0f7d6.jpg,800,200,t,201,49,271,145
5e95b9ea0f7d6.jpg,800,200,u,276,69,342,141
5e95b9ea0f7d6.jpg,800,200,n,341,71,421,141
5e95b9ea0f7d6.jpg,800,200,e,423,70,505,142
5e95b9ea0f7d6.jpg,800,200,r,507,71,561,141
5e95b9ea0f7d6.jpg,800,200,s,562,71,630,141
adroit.jpg,800,200,a,328,63,410,140
adroit.jpg,800,200,d,410,44,499,138
adroit.jpg,800,200,r,498,61,557,138
adroit.jpg,800,200,o,558,62,632,138
adroit.jpg,800,200,i,631,45,666,136
adroit.jpg,800,200,t,664,51,722,136
5e95b8160e780.jpg,800,200,f,359,58,421,150
5e95b8160e780.jpg,800,200,l,423,57,457,148
5e95b8160e780.jpg,800,200,i,456,56,490,144
5e95b8160e780.jpg,800,200,e,491,73,569,144
5e95b8160e780.jpg,800,200,s,570,72,639,144
5e95b8160e780.jpg,800,200,t,642,61,698,143
ambled.jpg,800,200,a,267,58,357,135
ambled.jpg,800,200,m,356,59,483,139
ambled.jpg,800,200,b,484,46,564,136
ambled.jpg,800,200,l,564,48,600,135
ambled.jpg,800,200,e,598,64,680,136
ambled.jpg,800,200,d,679,46,766,136
5e95bbf72a85c.jpg,800,200,c,23,60,94,137
5e95bbf72a85c.jpg,800,200,h,93,46,174,143
5e95bbf72a85c.jpg,800,200,o,173,57,268,143
5e95bbf72a85c.jpg,800,200,m,266,61,379,140
5e95bbf72a85c.jpg,800,200,p,381,63,464,157
5e95bbf72a85c.jpg,800,200,s,462,59,534,137
5e95bca42c189.jpg,800,200,f,73,52,129,143
5e95bca42c189.jpg,800,200,e,129,66,212,147
5e95bca42c189.jpg,800,200,s,214,63,290,150
5e95bca42c189.jpg,800,200,s,291,68,356,148
5e95bca42c189.jpg,800,200,e,356,72,432,144
5e95bca42c189.jpg,800,200,s,435,69,503,144
5e95bb1e1fbf2.jpg,800,200,l,97,52,136,151
5e95bb1e1fbf2.jpg,800,200,a,136,70,228,152
5e95bb1e1fbf2.jpg,800,200,m,227,73,343,151
5e95bb1e1fbf2.jpg,800,200,e,346,67,429,146
5e95bb1e1fbf2.jpg,800,200,l,430,48,462,144
5e95bb1e1fbf2.jpg,800,200,y,462,70,527,166
burler.jpg,800,200,b,83,57,154,146
burler.jpg,800,200,u,158,61,251,150
burler.jpg,800,200,r,253,63,311,147
burler.jpg,800,200,l,313,51,350,145
burler.jpg,800,200,e,348,72,421,145
burler.jpg,800,200,r,422,74,479,145
babble.jpg,800,200,b,71,56,151,148
babble.jpg,800,200,a,151,71,235,155
babble.jpg,800,200,b,235,48,329,153
babble.jpg,800,200,b,329,50,416,145
babble.jpg,800,200,l,415,54,451,143
babble.jpg,800,200,e,450,72,528,145
5e95b92d2c7c5.jpg,800,200,d,319,55,408,145
5e95b92d2c7c5.jpg,800,200,o,408,74,482,144
5e95b92d2c7c5.jpg,800,200,s,484,73,553,144
5e95b92d2c7c5.jpg,800,200,s,555,72,621,144
5e95b92d2c7c5.jpg,800,200,a,624,73,705,143
5e95b92d2c7c5.jpg,800,200,l,709,56,741,144
5e95ab1f76553.jpg,800,200,p,323,48,408,146
5e95ab1f76553.jpg,800,200,o,407,51,487,123
5e95ab1f76553.jpg,800,200,u,487,51,564,127
5e95ab1f76553.jpg,800,200,r,562,50,623,129
5e95ab1f76553.jpg,800,200,e,623,51,701,127
5e95ab1f76553.jpg,800,200,d,700,35,789,126
5e95b80f83548.jpg,800,200,b,239,55,321,147
5e95b80f83548.jpg,800,200,a,323,64,408,146
5e95b80f83548.jpg,800,200,y,411,70,484,163
5e95b80f83548.jpg,800,200,o,485,71,561,142
5e95b80f83548.jpg,800,200,u,560,73,633,144
5e95b80f83548.jpg,800,200,s,633,73,701,144
5e95b940999ab.jpg,800,200,w,133,63,247,135
5e95b940999ab.jpg,800,200,o,247,60,320,134
5e95b940999ab.jpg,800,200,a,321,55,408,133
5e95b940999ab.jpg,800,200,l,404,41,443,137
5e95b940999ab.jpg,800,200,d,443,43,528,138
5e95b940999ab.jpg,800,200,s,529,59,602,137
5e95b43214242.jpg,800,200,s,153,61,224,143
5e95b43214242.jpg,800,200,h,223,43,317,145
5e95b43214242.jpg,800,200,r,316,60,370,138
5e95b43214242.jpg,800,200,u,368,61,439,134
5e95b43214242.jpg,800,200,g,443,67,525,155
5e95b43214242.jpg,800,200,s,524,60,593,138
5e95b363ac42e.jpg,800,200,y,198,56,272,146
5e95b363ac42e.jpg,800,200,a,276,52,355,119
5e95b363ac42e.jpg,800,200,b,358,35,438,119
5e95b363ac42e.jpg,800,200,b,439,35,529,123
5e95b363ac42e.jpg,800,200,i,532,35,564,122
5e95b363ac42e.jpg,800,200,e,563,52,645,124
5e95b400b4f0a.jpg,800,200,c,172,61,248,130
5e95b400b4f0a.jpg,800,200,h,249,48,328,134
5e95b400b4f0a.jpg,800,200,e,330,67,412,135
5e95b400b4f0a.jpg,800,200,s,411,64,478,135
5e95b400b4f0a.jpg,800,200,t,476,53,529,135
5e95b400b4f0a.jpg,800,200,s,531,62,606,138
5e95bc18b479d.jpg,800,200,r,394,60,442,139
5e95bc18b479d.jpg,800,200,a,442,61,525,135
5e95bc18b479d.jpg,800,200,i,526,41,564,136
5e95bc18b479d.jpg,800,200,l,565,40,599,136
5e95bc18b479d.jpg,800,200,e,601,59,683,135
5e95bc18b479d.jpg,800,200,d,683,43,770,135
5e95b25e38b02.jpg,800,200,g,133,52,217,147
5e95b25e38b02.jpg,800,200,r,220,50,280,127
5e95b25e38b02.jpg,800,200,i,283,34,317,126
5e95b25e38b02.jpg,800,200,l,317,32,355,124
5e95b25e38b02.jpg,800,200,s,358,52,423,122
5e95b25e38b02.jpg,800,200,e,425,52,503,125
5e95bf53ed0f9.jpg,800,200,c,124,56,197,141
5e95bf53ed0f9.jpg,800,200,h,198,36,286,143
5e95bf53ed0f9.jpg,800,200,a,287,57,373,136
5e95bf53ed0f9.jpg,800,200,r,378,63,432,140
5e95bf53ed0f9.jpg,800,200,g,433,69,510,156
5e95bf53ed0f9.jpg,800,200,e,511,61,589,137
cackle.jpg,800,200,c,346,63,413,136
cackle.jpg,800,200,a,416,62,499,137
cackle.jpg,800,200,c,500,63,572,136
cackle.jpg,800,200,k,571,47,654,137
cackle.jpg,800,200,l,655,48,690,136
cackle.jpg,800,200,e,689,64,773,136
5e95ba79464f4.jpg,800,200,i,141,42,182,155
5e95ba79464f4.jpg,800,200,a,181,61,266,139
5e95ba79464f4.jpg,800,200,i,267,43,301,135
5e95ba79464f4.jpg,800,200,l,298,43,331,134
5e95ba79464f4.jpg,800,200,e,330,55,417,135
5e95ba79464f4.jpg,800,200,d,416,45,500,133
5e95b911de3cc.jpg,800,200,d,232,56,312,145
5e95b911de3cc.jpg,800,200,w,313,73,417,146
5e95b911de3cc.jpg,800,200,e,414,67,502,145
5e95b911de3cc.jpg,800,200,l,501,51,538,145
5e95b911de3cc.jpg,800,200,l,540,51,577,146
5e95b911de3cc.jpg,800,200,s,577,73,637,145
5e95b0693d9f1.jpg,800,200,m,13,64,134,136
5e95b0693d9f1.jpg,800,200,a,134,68,213,136
5e95b0693d9f1.jpg,800,200,m,216,70,342,140
5e95b0693d9f1.jpg,800,200,m,345,65,457,138
5e95b0693d9f1.jpg,800,200,e,458,64,538,136
5e95b0693d9f1.jpg,800,200,r,537,64,589,135
5e95a93382be8.jpg,800,200,s,347,60,415,141
5e95a93382be8.jpg,800,200,k,417,47,496,138
5e95a93382be8.jpg,800,200,e,528,58,613,138
5e95a93382be8.jpg,800,200,n,612,63,693,139
5e95a93382be8.jpg,800,200,t,688,51,751,140
5e95bf80c05da.jpg,800,200,n,342,57,426,133
5e95bf80c05da.jpg,800,200,e,428,60,505,137
5e95bf80c05da.jpg,800,200,u,508,59,590,141
5e95bf80c05da.jpg,800,200,t,586,49,643,136
5e95bf80c05da.jpg,800,200,e,641,60,722,134
5e95bf80c05da.jpg,800,200,r,724,61,782,136
5e95a35733357.jpg,800,200,w,53,59,160,137
5e95a35733357.jpg,800,200,o,160,61,241,131
5e95a35733357.jpg,800,200,o,241,64,315,137
5e95a35733357.jpg,800,200,l,314,44,354,144
5e95a35733357.jpg,800,200,e,352,60,442,144
5e95a35733357.jpg,800,200,n,443,62,515,146
5e95b88ec8431.jpg,800,200,p,211,53,291,145
5e95b88ec8431.jpg,800,200,e,294,55,376,131
5e95b88ec8431.jpg,800,200,i,380,37,418,128
5e95b88ec8431.jpg,800,200,s,416,53,475,124
5e95b88ec8431.jpg,800,200,e,479,53,561,123
5e95b88ec8431.jpg,800,200,s,566,54,633,124
5e95bc053e89e.jpg,800,200,b,260,53,344,147
5e95bc053e89e.jpg,800,200,o,343,69,430,154
5e95bc053e89e.jpg,800,200,u,429,71,515,153
5e95bc053e89e.jpg,800,200,c,513,69,584,149
5e95bc053e89e.jpg,800,200,l,583,52,617,146
5e95bc053e89e.jpg,800,200,e,617,70,699,146
5e95b37bcddb2.jpg,800,200,u,213,61,291,133
5e95b37bcddb2.jpg,800,200,r,292,63,350,130
5e95b37bcddb2.jpg,800,200,a,348,64,428,132
5e95b37bcddb2.jpg,800,200,t,427,51,489,136
5e95b37bcddb2.jpg,800,200,e,491,66,569,134
5e95b37bcddb2.jpg,800,200,s,569,63,637,134
central.jpg,800,200,c,309,65,376,136
central.jpg,800,200,e,377,65,456,137
central.jpg,800,200,n,456,65,535,136
central.jpg,800,200,t,535,52,596,136
central.jpg,800,200,a,594,63,674,136
central.jpg,800,200,l,674,47,710,137
busier.jpg,800,200,b,170,52,261,140
busier.jpg,800,200,u,263,68,334,140
busier.jpg,800,200,s,334,71,405,144
busier.jpg,800,200,i,405,55,439,148
busier.jpg,800,200,e,437,75,519,148
busier.jpg,800,200,r,518,75,573,145
budded.jpg,800,200,b,155,55,246,148
budded.jpg,800,200,u,247,72,315,147
budded.jpg,800,200,d,319,52,414,152
budded.jpg,800,200,d,415,54,503,151
budded.jpg,800,200,e,503,72,581,144
budded.jpg,800,200,d,581,55,666,145
5e95b4190bff0.jpg,800,200,p,301,57,386,147
5e95b4190bff0.jpg,800,200,i,387,36,425,132
5e95b4190bff0.jpg,800,200,e,425,54,512,131
5e95b4190bff0.jpg,800,200,c,512,53,577,127
5e95b4190bff0.jpg,800,200,e,580,54,659,124
5e95b4190bff0.jpg,800,200,d,662,36,751,125
5e95aa2cb58c9.jpg,800,200,a,166,63,259,141
5e95aa2cb58c9.jpg,800,200,b,260,44,339,137
5e95aa2cb58c9.jpg,800,200,l,335,44,380,133
5e95aa2cb58c9.jpg,800,200,o,375,61,449,140
5e95aa2cb58c9.jpg,800,200,o,450,62,534,141
5e95aa2cb58c9.jpg,800,200,m,531,62,658,141
5e95a0434b272.jpg,800,200,l,99,55,135,147
5e95a0434b272.jpg,800,200,u,134,70,209,142
5e95a0434b272.jpg,800,200,n,207,68,291,145
5e95a0434b272.jpg,800,200,g,289,66,377,167
5e95a0434b272.jpg,800,200,e,377,63,464,149
5e95a0434b272.jpg,800,200,r,462,70,517,150
5e95aab86bdc5.jpg,800,200,m,237,59,357,138
5e95aab86bdc5.jpg,800,200,e,357,62,435,137
5e95aab86bdc5.jpg,800,200,i,431,44,470,136
5e95aab86bdc5.jpg,800,200,n,468,59,550,138
5e95aab86bdc5.jpg,800,200,i,546,46,585,137
5e95aab86bdc5.jpg,800,200,e,585,63,667,138
catnap.jpg,800,200,c,200,59,280,136
catnap.jpg,800,200,a,281,62,365,141
catnap.jpg,800,200,t,364,51,419,138
catnap.jpg,800,200,n,419,65,500,137
catnap.jpg,800,200,a,504,64,586,135
catnap.jpg,800,200,p,586,66,669,155
5e95a83d307aa.jpg,800,200,g,182,49,276,143
5e95a83d307aa.jpg,800,200,o,274,47,360,129
5e95a83d307aa.jpg,800,200,u,361,49,433,126
5e95a83d307aa.jpg,800,200,g,432,54,515,145
5e95a83d307aa.jpg,800,200,e,518,47,602,127
5e95a83d307aa.jpg,800,200,r,599,49,657,124
5e95b5135ccb6.jpg,800,200,p,324,53,409,138
5e95b5135ccb6.jpg,800,200,r,412,52,466,117
5e95b5135ccb6.jpg,800,200,o,467,52,544,124
5e95b5135ccb6.jpg,800,200,b,545,37,627,124
5e95b5135ccb6.jpg,800,200,e,630,53,711,124
5e95b5135ccb6.jpg,800,200,s,712,52,779,125
5e95bb541b890.jpg,800,200,s,21,61,91,137
5e95bb541b890.jpg,800,200,o,89,60,166,136
5e95bb541b890.jpg,800,200,u,168,54,244,140
5e95bb541b890.jpg,800,200,g,242,62,333,167
5e95bb541b890.jpg,800,200,h,332,41,421,144
5e95bb541b890.jpg,800,200,s,420,63,486,141
caliph.jpg,800,200,c,254,59,328,140
caliph.jpg,800,200,a,328,58,412,141
caliph.jpg,800,200,l,411,47,442,136
caliph.jpg,800,200,i,442,46,480,135
caliph.jpg,800,200,p,480,65,561,155
caliph.jpg,800,200,h,560,48,642,137
5e95a276daa72.jpg,800,200,h,349,49,441,157
5e95a276daa72.jpg,800,200,s,521,69,592,149
5e95a276daa72.jpg,800,200,t,593,60,639,145
5e95a276daa72.jpg,800,200,l,641,53,680,146
5e95a276daa72.jpg,800,200,y,673,72,748,164
5e95b228c6a7c.jpg,800,200,p,204,55,291,149
5e95b228c6a7c.jpg,800,200,i,291,34,319,126
5e95b228c6a7c.jpg,800,200,n,318,50,400,127
5e95b228c6a7c.jpg,800,200,o,401,50,477,127
5e95b228c6a7c.jpg,800,200,l,478,36,509,124
5e95b228c6a7c.jpg,800,200,e,514,53,595,124
caroms.jpg,800,200,c,283,61,358,140
caroms.jpg,800,200,a,360,62,441,140
caroms.jpg,800,200,r,442,60,497,134
caroms.jpg,800,200,o,498,58,585,135
caroms.jpg,800,200,m,585,63,701,136
caroms.jpg,800,200,s,701,63,772,135
5e95b29973251.jpg,800,200,w,287,67,401,143
5e95b29973251.jpg,800,200,i,401,40,436,142
5e95b29973251.jpg,800,200,s,435,58,508,142
5e95b29973251.jpg,800,200,e,509,60,599,141
5e95b29973251.jpg,800,200,n,600,59,675,141
5e95b29973251.jpg,800,200,t,673,50,728,135
5e95a002484bb.jpg,800,200,l,265,55,304,150
5e95a002484bb.jpg,800,200,u,305,73,378,148
5e95a002484bb.jpg,800,200,x,379,75,461,145
5e95a002484bb.jpg,800,200,a,461,72,545,145
5e95a002484bb.jpg,800,200,t,544,61,601,145
5e95a002484bb.jpg,800,200,e,601,72,683,145
5e95ba781ee73.jpg,800,200,t,260,56,311,141
5e95ba781ee73.jpg,800,200,y,310,68,383,164
5e95ba781ee73.jpg,800,200,p,383,68,470,166
5e95ba781ee73.jpg,800,200,h,469,52,545,141
5e95ba781ee73.jpg,800,200,u,547,62,629,143
5e95ba781ee73.jpg,800,200,s,631,67,695,141
5e95bb3bd24f7.jpg,800,200,s,21,61,90,135
5e95bb3bd24f7.jpg,800,200,t,90,52,143,136
5e95bb3bd24f7.jpg,800,200,r,143,64,204,140
5e95bb3bd24f7.jpg,800,200,o,204,62,287,139
5e95bb3bd24f7.jpg,800,200,y,286,66,355,156
5e95bb3bd24f7.jpg,800,200,s,352,63,421,135
5e95ba33b6020.jpg,800,200,b,252,47,350,160
5e95ba33b6020.jpg,800,200,l,349,52,383,153
5e95ba33b6020.jpg,800,200,e,380,72,457,144
5e95ba33b6020.jpg,800,200,e,455,72,535,145
5e95ba33b6020.jpg,800,200,p,537,76,620,164
5e95ba33b6020.jpg,800,200,s,621,71,689,145
5e95bb1b2410d.jpg,800,200,a,148,66,237,147
5e95bb1b2410d.jpg,800,200,d,236,43,329,149
5e95bb1b2410d.jpg,800,200,i,333,44,369,143
5e95bb1b2410d.jpg,800,200,e,369,59,446,135
5e95bb1b2410d.jpg,800,200,u,448,62,520,137
5e95bb1b2410d.jpg,800,200,x,521,62,605,136
5e95acd5a4988.jpg,800,200,t,290,51,342,146
5e95acd5a4988.jpg,800,200,r,341,69,402,147
5e95acd5a4988.jpg,800,200,y,397,72,472,171
5e95acd5a4988.jpg,800,200,o,469,71,552,149
5e95acd5a4988.jpg,800,200,u,554,71,624,143
5e95acd5a4988.jpg,800,200,t,622,58,686,143
5e95afd51be63.jpg,800,200,l,79,56,114,137
5e95afd51be63.jpg,800,200,a,113,71,199,147
5e95afd51be63.jpg,800,200,c,200,71,272,147
5e95afd51be63.jpg,800,200,k,272,53,352,146
5e95afd51be63.jpg,800,200,e,349,65,436,147
5e95afd51be63.jpg,800,200,d,438,52,525,146
5e95aa8b6b183.jpg,800,200,h,35,54,111,148
5e95aa8b6b183.jpg,800,200,e,111,62,203,145
5e95aa8b6b183.jpg,800,200,r,203,63,260,144
5e95aa8b6b183.jpg,800,200,e,258,68,339,150
5e95aa8b6b183.jpg,800,200,b,336,54,417,152
5e95aa8b6b183.jpg,800,200,y,414,73,492,171
baster.jpg,800,200,b,61,55,140,146
baster.jpg,800,200,a,142,66,233,146
baster.jpg,800,200,s,233,67,302,141
baster.jpg,800,200,t,298,60,354,145
baster.jpg,800,200,e,356,72,442,149
baster.jpg,800,200,r,441,74,493,144
5e95a27249177.jpg,800,200,t,454,57,514,143
5e95a27249177.jpg,800,200,i,515,53,554,140
5e95a27249177.jpg,800,200,d,553,51,637,146
5e95a27249177.jpg,800,200,i,642,49,673,145
5e95a27249177.jpg,800,200,l,675,51,711,143
5e95a27249177.jpg,800,200,y,705,70,779,164
5e95abf2047dc.jpg,800,200,t,83,57,138,142
5e95abf2047dc.jpg,800,200,r,135,59,200,142
5e95abf2047dc.jpg,800,200,i,195,50,227,142
5e95abf2047dc.jpg,800,200,m,228,62,354,148
5e95abf2047dc.jpg,800,200,l,355,45,389,147
5e95abf2047dc.jpg,800,200,y,384,70,462,169
5e95a03241900.jpg,800,200,d,330,53,407,147
5e95a03241900.jpg,800,200,i,405,51,446,147
5e95a03241900.jpg,800,200,d,442,48,531,148
5e95a03241900.jpg,800,200,a,533,69,609,149
5e95a03241900.jpg,800,200,c,611,67,682,145
5e95a03241900.jpg,800,200,t,682,58,743,145
bustic.jpg,800,200,b,298,56,388,139
bustic.jpg,800,200,u,392,72,464,141
bustic.jpg,800,200,s,463,74,533,149
bustic.jpg,800,200,t,531,62,591,151
bustic.jpg,800,200,i,595,54,631,150
bustic.jpg,800,200,c,629,73,697,145
5e95b8e85d088.jpg,800,200,h,21,56,103,144
5e95b8e85d088.jpg,800,200,o,104,73,183,144
5e95b8e85d088.jpg,800,200,l,184,55,220,149
5e95b8e85d088.jpg,800,200,p,222,71,305,164
5e95b8e85d088.jpg,800,200,e,307,69,386,142
5e95b8e85d088.jpg,800,200,n,389,68,474,142
bodega.jpg,800,200,b,272,54,367,148
bodega.jpg,800,200,o,366,72,441,145
bodega.jpg,800,200,d,442,56,526,145
bodega.jpg,800,200,e,525,72,606,145
bodega.jpg,800,200,g,605,76,688,165
bodega.jpg,800,200,a,687,72,773,145
canful.jpg,800,200,c,256,61,329,140
canful.jpg,800,200,a,332,64,403,132
canful.jpg,800,200,n,404,61,488,140
canful.jpg,800,200,f,488,40,552,140
canful.jpg,800,200,u,553,59,632,139
canful.jpg,800,200,l,632,47,663,137
awaits.jpg,800,200,a,278,61,358,137
awaits.jpg,800,200,w,360,62,470,137
awaits.jpg,800,200,a,472,61,553,137
awaits.jpg,800,200,i,553,46,588,136
awaits.jpg,800,200,t,584,52,642,136
awaits.jpg,800,200,s,641,62,713,136
5e95b8ebcd0f1.jpg,800,200,a,316,57,394,135
5e95b8ebcd0f1.jpg,800,200,l,396,47,425,135
5e95b8ebcd0f1.jpg,800,200,c,426,64,494,135
5e95b8ebcd0f1.jpg,800,200,a,498,63,580,136
5e95b8ebcd0f1.jpg,800,200,d,583,48,665,136
5e95b8ebcd0f1.jpg,800,200,e,669,65,750,135
5e95a87e9c5f6.jpg,800,200,v,119,60,196,135
5e95a87e9c5f6.jpg,800,200,o,194,60,278,135
5e95a87e9c5f6.jpg,800,200,l,277,46,312,139
5e95a87e9c5f6.jpg,800,200,u,308,64,387,142
5e95a87e9c5f6.jpg,800,200,m,389,57,514,141
5e95a87e9c5f6.jpg,800,200,e,512,61,589,137
5e95ac6149047.jpg,800,200,s,149,60,217,135
5e95ac6149047.jpg,800,200,a,220,63,306,142
5e95ac6149047.jpg,800,200,f,306,44,362,144
5e95ac6149047.jpg,800,200,r,362,60,429,144
5e95ac6149047.jpg,800,200,o,429,58,510,137
5e95ac6149047.jpg,800,200,l,509,42,550,137
5e95bc137696a.jpg,800,200,l,79,48,111,145
5e95bc137696a.jpg,800,200,y,109,74,181,168
5e95bc137696a.jpg,800,200,c,179,71,258,149
5e95bc137696a.jpg,800,200,e,257,67,342,146
5e95bc137696a.jpg,800,200,e,343,70,418,146
5e95bc137696a.jpg,800,200,s,418,69,488,146
5e95aa97370b2.jpg,800,200,p,231,44,328,157
5e95aa97370b2.jpg,800,200,a,330,51,400,125
5e95aa97370b2.jpg,800,200,l,398,36,433,126
5e95aa97370b2.jpg,800,200,e,432,51,510,125
5e95aa97370b2.jpg,800,200,l,513,35,543,126
5e95aa97370b2.jpg,800,200,y,541,55,611,145
5e95b28ce1a41.jpg,800,200,h,261,53,334,147
5e95b28ce1a41.jpg,800,200,a,337,72,423,146
5e95b28ce1a41.jpg,800,200,i,422,55,459,146
5e95b28ce1a41.jpg,800,200,k,455,56,541,144
5e95b28ce1a41.jpg,800,200,u,545,71,615,144
5e95b28ce1a41.jpg,800,200,s,616,72,684,144
5e95bbaaed3a0.jpg,800,200,c,163,55,239,136
5e95bbaaed3a0.jpg,800,200,o,241,57,318,137
5e95bbaaed3a0.jpg,800,200,d,317,46,409,142
5e95bbaaed3a0.jpg,800,200,e,411,62,486,137
5e95bbaaed3a0.jpg,800,200,n,484,56,570,137
5e95bbaaed3a0.jpg,800,200,s,568,56,640,136
5e95a24576c5e.jpg,800,200,s,336,62,407,140
5e95a24576c5e.jpg,800,200,a,409,60,492,136
5e95a24576c5e.jpg,800,200,t,493,51,551,133
5e95a24576c5e.jpg,800,200,i,551,47,583,136
5e95a24576c5e.jpg,800,200,n,582,65,662,136
5e95a24576c5e.jpg,800,200,y,662,68,732,156
5e95bc944a182.jpg,800,200,c,94,60,158,136
5e95bc944a182.jpg,800,200,o,159,55,249,137
5e95bc944a182.jpg,800,200,m,252,61,366,133
5e95bc944a182.jpg,800,200,p,365,64,446,154
5e95bc944a182.jpg,800,200,e,446,60,527,136
5e95bc944a182.jpg,800,200,l,527,45,563,136
5e95b889584e8.jpg,800,200,k,236,53,316,149
5e95b889584e8.jpg,800,200,o,317,70,401,149
5e95b889584e8.jpg,800,200,u,400,74,473,146
5e95b889584e8.jpg,800,200,m,475,74,599,146
5e95b889584e8.jpg,800,200,y,595,73,664,163
5e95b889584e8.jpg,800,200,s,660,69,731,145
5e95b8f24a464.jpg,800,200,s,179,57,263,141
5e95b8f24a464.jpg,800,200,a,265,63,340,139
5e95b8f24a464.jpg,800,200,c,342,65,412,135
5e95b8f24a464.jpg,800,200,k,415,49,492,135
5e95b8f24a464.jpg,800,200,e,498,65,578,135
5e95b8f24a464.jpg,800,200,r,578,65,635,135
5e95bc2c3fd9d.jpg,800,200,s,56,59,117,138
5e95bc2c3fd9d.jpg,800,200,n,120,60,206,139
5e95bc2c3fd9d.jpg,800,200,a,206,56,301,143
5e95bc2c3fd9d.jpg,800,200,r,301,61,354,143
5e95bc2c3fd9d.jpg,800,200,l,356,41,392,141
5e95bc2c3fd9d.jpg,800,200,s,394,61,458,137
5e95a24aa04cc.jpg,800,200,w,254,63,373,147
5e95a24aa04cc.jpg,800,200,h,372,42,444,140
5e95a24aa04cc.jpg,800,200,o,445,60,525,136
5e95a24aa04cc.jpg,800,200,l,523,44,558,137
5e95a24aa04cc.jpg,800,200,e,558,62,639,137
5e95a24aa04cc.jpg,800,200,s,640,60,709,134
5e95acd7745ce.jpg,800,200,r,324,67,381,137
5e95acd7745ce.jpg,800,200,e,381,61,455,139
5e95acd7745ce.jpg,800,200,t,456,44,521,139
5e95acd7745ce.jpg,800,200,i,517,37,561,138
5e95acd7745ce.jpg,800,200,n,562,58,649,139
5e95acd7745ce.jpg,800,200,e,648,63,720,137
5e95b224a28ff.jpg,800,200,p,65,53,142,145
5e95b224a28ff.jpg,800,200,e,144,49,229,127
5e95b224a28ff.jpg,800,200,e,232,46,323,123
5e95b224a28ff.jpg,800,200,k,328,36,396,124
5e95b224a28ff.jpg,800,200,e,399,54,481,125
5e95b224a28ff.jpg,800,200,d,484,36,568,125
caddis.jpg,800,200,c,148,62,225,135
caddis.jpg,800,200,a,224,63,303,135
caddis.jpg,800,200,d,305,43,395,139
caddis.jpg,800,200,d,397,48,477,140
caddis.jpg,800,200,i,476,49,516,140
caddis.jpg,800,200,s,515,66,590,142
5e95af79c5587.jpg,800,200,m,72,63,194,140
5e95af79c5587.jpg,800,200,e,191,63,279,139
5e95af79c5587.jpg,800,200,a,278,64,361,141
5e95af79c5587.jpg,800,200,s,363,64,427,140
5e95af79c5587.jpg,800,200,l,428,44,463,133
5e95af79c5587.jpg,800,200,e,463,57,551,133
5e95bb2f1d174.jpg,800,200,a,75,54,155,138
5e95bb2f1d174.jpg,800,200,l,156,32,195,139
5e95bb2f1d174.jpg,800,200,p,190,43,298,162
5e95bb2f1d174.jpg,800,200,i,294,33,336,136
5e95bb2f1d174.jpg,800,200,n,337,56,402,134
5e95bb2f1d174.jpg,800,200,e,403,61,483,136
augite.jpg,800,200,a,104,60,192,139
augite.jpg,800,200,u,191,61,280,138
augite.jpg,800,200,g,280,62,362,159
augite.jpg,800,200,i,361,48,398,135
augite.jpg,800,200,t,393,52,450,136
augite.jpg,800,200,e,450,64,532,135
burley.jpg,800,200,b,324,56,405,150
burley.jpg,800,200,u,407,74,479,145
burley.jpg,800,200,r,479,74,535,145
burley.jpg,800,200,l,535,57,571,145
burley.jpg,800,200,e,570,73,649,145
burley.jpg,800,200,y,647,76,716,165
5e95bac481e95.jpg,800,200,s,180,60,255,139
5e95bac481e95.jpg,800,200,i,254,43,287,143
5e95bac481e95.jpg,800,200,n,286,60,378,147
5e95bac481e95.jpg,800,200,n,377,57,455,141
5e95bac481e95.jpg,800,200,e,451,61,529,137
5e95bac481e95.jpg,800,200,r,526,62,584,136
azonic.jpg,800,200,a,295,63,373,133
azonic.jpg,800,200,z,374,62,450,137
azonic.jpg,800,200,o,450,62,535,139
azonic.jpg,800,200,n,534,63,620,139
azonic.jpg,800,200,i,618,45,648,137
azonic.jpg,800,200,c,646,63,720,136
5e95b839029fb.jpg,800,200,g,340,53,419,145
5e95b839029fb.jpg,800,200,a,416,50,502,124
5e95b839029fb.jpg,800,200,r,501,50,557,126
5e95b839029fb.jpg,800,200,i,555,33,593,124
5e95b839029fb.jpg,800,200,s,593,49,659,125
5e95b839029fb.jpg,800,200,h,657,36,742,126
absorp.jpg,800,200,a,196,61,290,147
absorp.jpg,800,200,b,292,44,378,143
absorp.jpg,800,200,s,377,59,444,140
absorp.jpg,800,200,o,445,63,522,137
absorp.jpg,800,200,r,525,63,582,137
absorp.jpg,800,200,b,581,46,668,137
5e95babc43de7.jpg,800,200,r,296,60,356,139
5e95babc43de7.jpg,800,200,a,358,58,448,138
5e95babc43de7.jpg,800,200,f,449,44,504,139
5e95babc43de7.jpg,800,200,t,503,54,558,137
5e95babc43de7.jpg,800,200,e,558,64,640,137
5e95babc43de7.jpg,800,200,d,639,43,723,135
5e95b429e855e.jpg,800,200,t,46,58,106,142
5e95b429e855e.jpg,800,200,e,105,67,184,143
5e95b429e855e.jpg,800,200,r,182,61,240,142
5e95b429e855e.jpg,800,200,e,241,61,328,144
5e95b429e855e.jpg,800,200,t,328,53,388,140
5e95b429e855e.jpg,800,200,e,389,69,465,141
5e95bf78a0359.jpg,800,200,n,326,54,410,138
5e95bf78a0359.jpg,800,200,a,410,58,493,136
5e95bf78a0359.jpg,800,200,t,492,49,550,137
5e95bf78a0359.jpg,800,200,r,551,60,608,137
5e95bf78a0359.jpg,800,200,o,606,61,688,136
5e95bf78a0359.jpg,800,200,n,690,62,770,136
5e95b986572d7.jpg,800,200,b,176,51,280,154
5e95b986572d7.jpg,800,200,a,279,69,366,151
5e95b986572d7.jpg,800,200,d,368,51,449,148
5e95b986572d7.jpg,800,200,g,450,74,533,164
5e95b986572d7.jpg,800,200,e,532,71,613,146
5e95b986572d7.jpg,800,200,d,616,55,702,145
baryes.jpg,800,200,b,70,55,148,144
baryes.jpg,800,200,a,148,66,241,145
baryes.jpg,800,200,r,240,65,301,145
baryes.jpg,800,200,y,302,71,366,167
baryes.jpg,800,200,e,366,73,448,145
baryes.jpg,800,200,s,448,72,519,145
5e95bc4e27daa.jpg,800,200,s,231,55,302,140
5e95bc4e27daa.jpg,800,200,h,303,38,388,144
5e95bc4e27daa.jpg,800,200,e,389,61,463,135
5e95bc4e27daa.jpg,800,200,u,465,60,542,136
5e95bc4e27daa.jpg,800,200,c,541,61,612,136
5e95bc4e27daa.jpg,800,200,h,613,43,696,136
boccia.jpg,800,200,b,205,53,292,149
boccia.jpg,800,200,o,292,73,373,150
boccia.jpg,800,200,c,374,71,447,147
boccia.jpg,800,200,c,446,71,519,148
boccia.jpg,800,200,i,519,53,550,145
boccia.jpg,800,200,a,550,73,634,145
5e95ba08c3554.jpg,800,200,c,359,60,434,135
5e95ba08c3554.jpg,800,200,y,430,68,504,156
5e95ba08c3554.jpg,800,200,p,504,67,585,156
5e95ba08c3554.jpg,800,200,r,583,63,639,137
5e95ba08c3554.jpg,800,200,u,638,63,712,136
5e95ba08c3554.jpg,800,200,s,717,61,786,136
bharal.jpg,800,200,b,213,57,304,148
bharal.jpg,800,200,h,307,58,385,145
bharal.jpg,800,200,a,387,73,470,145
bharal.jpg,800,200,r,470,72,528,145
bharal.jpg,800,200,a,529,72,612,145
bharal.jpg,800,200,l,612,56,649,145
5e95a4855d44a.jpg,800,200,p,166,56,246,143
5e95a4855d44a.jpg,800,200,u,248,53,327,131
5e95a4855d44a.jpg,800,200,g,327,50,421,156
5e95a4855d44a.jpg,800,200,r,420,46,473,128
5e95a4855d44a.jpg,800,200,e,474,50,553,124
5e95a4855d44a.jpg,800,200,e,552,52,632,125
5e95ba4127f39.jpg,800,200,f,38,53,98,143
5e95ba4127f39.jpg,800,200,o,97,67,175,147
5e95ba4127f39.jpg,800,200,r,176,66,239,149
5e95ba4127f39.jpg,800,200,m,238,69,355,148
5e95ba4127f39.jpg,800,200,a,356,70,440,141
5e95ba4127f39.jpg,800,200,t,438,58,489,147
5e95b421c55fe.jpg,800,200,p,331,55,415,143
5e95b421c55fe.jpg,800,200,e,415,52,494,129
5e95b421c55fe.jpg,800,200,d,495,34,588,131
5e95b421c55fe.jpg,800,200,a,588,51,673,131
5e95b421c55fe.jpg,800,200,l,670,35,700,126
5e95b421c55fe.jpg,800,200,s,698,53,767,125
5e95b9269663e.jpg,800,200,d,109,53,189,142
5e95b9269663e.jpg,800,200,i,189,53,227,145
5e95b9269663e.jpg,800,200,g,223,71,312,170
5e95b9269663e.jpg,800,200,g,313,74,399,174
5e95b9269663e.jpg,800,200,e,398,72,479,150
5e95b9269663e.jpg,800,200,d,482,55,563,145
5e95a827dabc0.jpg,800,200,d,13,54,100,147
5e95a827dabc0.jpg,800,200,e,98,69,181,149
5e95a827dabc0.jpg,800,200,e,324,69,409,147
5e95a827dabc0.jpg,800,200,e,407,76,490,148
5e95a827dabc0.jpg,800,200,g,180,75,266,169
5e95a827dabc0.jpg,800,200,r,267,69,320,147
5e95bb6d5550e.jpg,800,200,n,110,60,196,140
5e95bb6d5550e.jpg,800,200,o,193,59,279,140
5e95bb6d5550e.jpg,800,200,b,280,40,363,135
5e95bb6d5550e.jpg,800,200,l,359,41,398,135
5e95bb6d5550e.jpg,800,200,e,396,60,478,132
5e95bb6d5550e.jpg,800,200,r,479,62,535,137
5e95b0763baaf.jpg,800,200,g,168,51,261,141
5e95b0763baaf.jpg,800,200,a,266,51,342,121
5e95b0763baaf.jpg,800,200,m,344,52,463,131
5e95b0763baaf.jpg,800,200,i,461,32,500,131
5e95b0763baaf.jpg,800,200,n,502,52,587,131
5e95b0763baaf.jpg,800,200,e,588,51,660,125
amidin.jpg,800,200,a,146,64,238,144
amidin.jpg,800,200,m,240,65,358,144
amidin.jpg,800,200,i,359,45,395,134
amidin.jpg,800,200,d,395,44,478,137
amidin.jpg,800,200,i,478,43,515,138
amidin.jpg,800,200,n,516,62,599,138
adrift.jpg,800,200,a,289,61,372,144
adrift.jpg,800,200,d,371,48,446,137
adrift.jpg,800,200,r,447,63,499,136
adrift.jpg,800,200,i,499,45,535,136
adrift.jpg,800,200,f,537,48,595,136
adrift.jpg,800,200,t,594,53,651,136
5e95bacb04371.jpg,800,200,p,80,54,157,144
5e95bacb04371.jpg,800,200,a,156,44,248,126
5e95bacb04371.jpg,800,200,c,247,46,319,128
5e95bacb04371.jpg,800,200,i,319,25,364,133
5e95bacb04371.jpg,800,200,n,367,49,445,135
5e95bacb04371.jpg,800,200,g,443,56,523,144
causes.jpg,800,200,c,73,62,145,140
causes.jpg,800,200,a,146,65,229,141
causes.jpg,800,200,u,229,61,315,143
causes.jpg,800,200,s,318,61,384,136
causes.jpg,800,200,e,384,64,461,136
causes.jpg,800,200,s,461,63,530,136
5e95b13d44db2.jpg,800,200,g,25,53,105,145
5e95b13d44db2.jpg,800,200,a,103,48,193,125
5e95b13d44db2.jpg,800,200,g,189,50,281,141
5e95b13d44db2.jpg,800,200,e,276,45,361,121
5e95b13d44db2.jpg,800,200,e,360,49,411,127
5e95b13d44db2.jpg,800,200,s,410,52,480,125
5e95b25a1d4d4.jpg,800,200,s,97,63,164,132
5e95b25a1d4d4.jpg,800,200,t,162,53,222,133
5e95b25a1d4d4.jpg,800,200,a,225,61,308,136
5e95b25a1d4d4.jpg,800,200,d,313,44,398,140
5e95b25a1d4d4.jpg,800,200,e,396,62,475,137
5e95b25a1d4d4.jpg,800,200,s,473,61,545,136
acinar.jpg,800,200,a,285,60,361,135
acinar.jpg,800,200,c,361,63,432,133
acinar.jpg,800,200,i,434,45,468,137
acinar.jpg,800,200,n,470,64,550,138
acinar.jpg,800,200,a,549,63,628,136
acinar.jpg,800,200,r,630,64,687,137
brachs.jpg,800,200,b,36,56,120,144
brachs.jpg,800,200,r,120,74,176,145
brachs.jpg,800,200,a,176,72,265,151
brachs.jpg,800,200,c,266,77,333,145
brachs.jpg,800,200,h,334,58,417,145
brachs.jpg,800,200,s,420,67,494,145
albite.jpg,800,200,a,145,58,233,136
albite.jpg,800,200,l,236,47,272,136
albite.jpg,800,200,b,272,47,350,133
albite.jpg,800,200,i,349,45,388,132
albite.jpg,800,200,t,387,51,445,132
albite.jpg,800,200,e,448,66,522,136
5e95b2751555d.jpg,800,200,c,140,54,215,132
5e95b2751555d.jpg,800,200,y,216,57,291,151
5e95b2751555d.jpg,800,200,a,291,56,380,126
5e95b2751555d.jpg,800,200,n,381,63,458,135
5e95b2751555d.jpg,800,200,i,454,43,492,136
5e95b2751555d.jpg,800,200,n,490,64,570,136
5e95a92344a6b.jpg,800,200,w,144,62,256,139
5e95a92344a6b.jpg,800,200,a,257,57,345,139
5e95a92344a6b.jpg,800,200,r,346,63,392,133
5e95a92344a6b.jpg,800,200,t,393,50,449,133
5e95a92344a6b.jpg,800,200,e,448,62,529,134
5e95a92344a6b.jpg,800,200,d,530,45,616,134
5e95ba7d582ad.jpg,800,200,s,322,61,400,140
5e95ba7d582ad.jpg,800,200,t,396,52,451,140
5e95ba7d582ad.jpg,800,200,o,449,60,536,144
5e95ba7d582ad.jpg,800,200,c,537,60,616,143
5e95ba7d582ad.jpg,800,200,k,617,44,692,136
5e95ba7d582ad.jpg,800,200,s,690,61,760,136
5e95bc7479952.jpg,800,200,p,184,43,292,152
5e95bc7479952.jpg,800,200,h,294,26,365,132
5e95bc7479952.jpg,800,200,a,366,49,448,125
5e95bc7479952.jpg,800,200,s,449,51,519,126
5e95bc7479952.jpg,800,200,i,518,32,554,125
5e95bc7479952.jpg,800,200,c,550,50,623,126
5e95bb6362868.jpg,800,200,c,365,57,444,138
5e95bb6362868.jpg,800,200,h,446,44,524,137
5e95bb6362868.jpg,800,200,i,523,44,559,135
5e95bb6362868.jpg,800,200,r,557,63,615,136
5e95bb6362868.jpg,800,200,k,617,46,696,136
5e95bb6362868.jpg,800,200,s,696,62,764,134
5e95b302af8fe.jpg,800,200,g,26,56,105,144
5e95b302af8fe.jpg,800,200,a,104,51,194,131
5e95b302af8fe.jpg,800,200,d,194,33,286,126
5e95b302af8fe.jpg,800,200,f,288,31,337,123
5e95b302af8fe.jpg,800,200,l,342,32,383,121
5e95b302af8fe.jpg,800,200,y,374,53,450,147
5e95ac9f6866b.jpg,800,200,a,10,63,93,137
5e95ac9f6866b.jpg,800,200,g,95,67,172,155
5e95ac9f6866b.jpg,800,200,r,174,61,238,142
5e95ac9f6866b.jpg,800,200,i,236,46,279,143
5e95ac9f6866b.jpg,800,200,a,277,60,363,142
5e95ac9f6866b.jpg,800,200,s,364,63,429,137
5e95a4a044e6c.jpg,800,200,p,164,47,247,143
5e95a4a044e6c.jpg,800,200,r,247,44,312,128
5e95a4a044e6c.jpg,800,200,e,310,45,389,129
5e95a4a044e6c.jpg,800,200,p,389,54,470,144
5e95a4a044e6c.jpg,800,200,p,470,52,551,145
5e95a4a044e6c.jpg,800,200,y,549,55,621,142
botels.jpg,800,200,b,58,56,138,144
botels.jpg,800,200,o,137,71,222,146
botels.jpg,800,200,t,224,59,284,148
botels.jpg,800,200,e,284,70,376,151
botels.jpg,800,200,l,376,55,404,146
botels.jpg,800,200,s,402,71,468,144
5e95a7cbd9b4e.jpg,800,200,s,214,49,298,139
5e95a7cbd9b4e.jpg,800,200,t,298,42,353,135
5e95a7cbd9b4e.jpg,800,200,a,352,53,437,134
5e95a7cbd9b4e.jpg,800,200,s,439,60,503,134
5e95a7cbd9b4e.jpg,800,200,i,504,44,539,138
5e95a7cbd9b4e.jpg,800,200,s,539,60,611,137
5e95ba42dcf99.jpg,800,200,h,159,49,252,146
5e95ba42dcf99.jpg,800,200,a,252,63,344,143
5e95ba42dcf99.jpg,800,200,k,343,53,415,144
5e95ba42dcf99.jpg,800,200,i,415,55,450,144
5e95ba42dcf99.jpg,800,200,m,449,71,569,144
5e95ba42dcf99.jpg,800,200,s,569,72,637,143
agreed.jpg,800,200,a,199,61,285,130
agreed.jpg,800,200,g,285,68,368,158
agreed.jpg,800,200,r,368,66,431,143
agreed.jpg,800,200,e,432,64,505,137
agreed.jpg,800,200,e,507,60,598,141
agreed.jpg,800,200,d,598,47,678,137
5e95b836a10c5.jpg,800,200,c,26,64,91,136
5e95b836a10c5.jpg,800,200,o,94,57,178,135
5e95b836a10c5.jpg,800,200,l,177,39,214,135
5e95b836a10c5.jpg,800,200,i,214,38,253,136
5e95b836a10c5.jpg,800,200,n,255,59,332,134
5e95b836a10c5.jpg,800,200,s,333,64,400,131
5e95b1891e889.jpg,800,200,h,105,55,189,143
5e95b1891e889.jpg,800,200,u,190,71,268,142
5e95b1891e889.jpg,800,200,r,266,73,320,145
5e95b1891e889.jpg,800,200,i,318,52,359,149
5e95b1891e889.jpg,800,200,e,356,71,436,148
5e95b1891e889.jpg,800,200,d,434,56,523,142
5e95badc20164.jpg,800,200,b,158,46,249,148
5e95badc20164.jpg,800,200,a,248,68,328,147
5e95badc20164.jpg,800,200,f,326,55,387,144
5e95badc20164.jpg,800,200,f,386,56,447,144
5e95badc20164.jpg,800,200,l,444,53,475,146
5e95badc20164.jpg,800,200,e,473,66,554,146
5e95b92a34649.jpg,800,200,m,238,62,354,138
5e95b92a34649.jpg,800,200,e,355,59,442,138
5e95b92a34649.jpg,800,200,s,443,64,503,134
5e95b92a34649.jpg,800,200,s,504,62,576,134
5e95b92a34649.jpg,800,200,a,578,63,659,134
5e95b92a34649.jpg,800,200,n,658,64,738,135
5e95bba5ba99e.jpg,800,200,d,328,54,409,143
5e95bba5ba99e.jpg,800,200,a,408,70,490,145
5e95bba5ba99e.jpg,800,200,g,489,75,570,165
5e95bba5ba99e.jpg,800,200,g,569,73,654,165
5e95bba5ba99e.jpg,800,200,l,652,52,689,145
5e95bba5ba99e.jpg,800,200,e,688,70,769,144
brayer.jpg,800,200,b,20,56,101,145
brayer.jpg,800,200,r,101,68,161,147
brayer.jpg,800,200,a,160,67,251,146
brayer.jpg,800,200,y,252,74,319,168
brayer.jpg,800,200,e,321,73,398,144
brayer.jpg,800,200,r,398,74,455,143
5e95a12743efc.jpg,800,200,p,151,48,247,147
5e95a12743efc.jpg,800,200,e,249,49,331,120
5e95a12743efc.jpg,800,200,c,330,52,400,125
5e95a12743efc.jpg,800,200,k,403,36,480,125
5e95a12743efc.jpg,800,200,e,479,52,559,126
5e95a12743efc.jpg,800,200,d,563,36,646,125
5e95a32041751.jpg,800,200,g,95,53,180,145
5e95a32041751.jpg,800,200,o,181,48,264,128
5e95a32041751.jpg,800,200,d,263,32,343,124
5e95a32041751.jpg,800,200,e,345,46,430,125
5e95a32041751.jpg,800,200,t,420,38,483,130
5e95a32041751.jpg,800,200,s,479,50,564,133
5e95b89fcb2d0.jpg,800,200,g,137,57,225,147
5e95b89fcb2d0.jpg,800,200,o,227,54,303,127
5e95b89fcb2d0.jpg,800,200,u,302,49,379,121
5e95b89fcb2d0.jpg,800,200,r,378,52,430,122
5e95b89fcb2d0.jpg,800,200,d,431,29,519,125
5e95b89fcb2d0.jpg,800,200,e,517,49,604,127
5e95b9c5e9c9d.jpg,800,200,p,287,58,371,152
5e95b9c5e9c9d.jpg,800,200,r,374,55,423,126
5e95b9c5e9c9d.jpg,800,200,i,422,37,455,124
5e95b9c5e9c9d.jpg,800,200,n,455,53,534,125
5e95b9c5e9c9d.jpg,800,200,c,537,53,606,124
5e95b9c5e9c9d.jpg,800,200,e,610,54,688,123
5e95a3d2e0708.jpg,800,200,r,190,47,263,139
5e95a3d2e0708.jpg,800,200,a,267,57,353,143
5e95a3d2e0708.jpg,800,200,b,354,44,431,139
5e95a3d2e0708.jpg,800,200,b,432,44,513,140
5e95a3d2e0708.jpg,800,200,i,516,46,551,140
5e95a3d2e0708.jpg,800,200,n,551,58,630,138
alcove.jpg,800,200,a,320,64,404,136
alcove.jpg,800,200,l,404,48,441,136
alcove.jpg,800,200,c,441,63,515,136
alcove.jpg,800,200,o,515,64,594,136
alcove.jpg,800,200,v,597,65,664,136
alcove.jpg,800,200,e,667,63,751,136
5e95b97709c03.jpg,800,200,w,164,66,263,138
5e95b97709c03.jpg,800,200,o,265,64,352,142
5e95b97709c03.jpg,800,200,o,354,63,433,139
5e95b97709c03.jpg,800,200,d,436,45,514,133
5e95b97709c03.jpg,800,200,s,515,62,582,134
5e95b97709c03.jpg,800,200,y,582,67,649,155
5e95b428374bc.jpg,800,200,r,295,63,350,133
5e95b428374bc.jpg,800,200,i,348,47,386,132
5e95b428374bc.jpg,800,200,m,387,61,503,133
5e95b428374bc.jpg,800,200,o,505,56,591,136
5e95b428374bc.jpg,800,200,u,592,59,670,136
5e95b428374bc.jpg,800,200,s,667,60,731,137
basins.jpg,800,200,b,299,52,387,147
basins.jpg,800,200,a,393,73,470,147
basins.jpg,800,200,s,470,74,542,150
basins.jpg,800,200,u,542,54,578,147
basins.jpg,800,200,n,579,74,657,145
basins.jpg,800,200,s,657,72,725,145
adjust.jpg,800,200,a,120,65,206,139
adjust.jpg,800,200,d,205,42,288,139
adjust.jpg,800,200,i,288,39,325,160
adjust.jpg,800,200,u,322,55,409,144
adjust.jpg,800,200,s,409,61,485,144
adjust.jpg,800,200,t,484,50,540,141
5e95b8ed00dbb.jpg,800,200,d,7,54,90,145
5e95b8ed00dbb.jpg,800,200,i,92,56,125,146
5e95b8ed00dbb.jpg,800,200,o,124,69,208,146
5e95b8ed00dbb.jpg,800,200,d,210,54,297,146
5e95b8ed00dbb.jpg,800,200,e,295,74,376,149
5e95b8ed00dbb.jpg,800,200,s,378,74,451,150
5e95ac0394429.jpg,800,200,l,185,55,224,145
5e95ac0394429.jpg,800,200,i,223,55,267,151
5e95ac0394429.jpg,800,200,e,262,77,351,153
5e95ac0394429.jpg,800,200,d,352,54,434,150
5e95ac0394429.jpg,800,200,e,433,72,509,146
5e95ac0394429.jpg,800,200,r,512,73,567,144
5e95ac5ab67c1.jpg,800,200,c,42,60,105,136
5e95ac5ab67c1.jpg,800,200,o,107,54,195,136
5e95ac5ab67c1.jpg,800,200,w,196,55,304,140
5e95ac5ab67c1.jpg,800,200,m,433,60,512,143
5e95ac5ab67c1.jpg,800,200,e,434,59,512,144
5e95ac5ab67c1.jpg,800,200,n,514,65,595,144
5e95caa98b838.jpg,800,200,o,240,63,323,133
5e95caa98b838.jpg,800,200,r,323,64,374,135
5e95caa98b838.jpg,800,200,r,374,64,428,136
5e95caa98b838.jpg,800,200,i,427,45,462,136
5e95caa98b838.jpg,800,200,c,462,63,535,136
5e95caa98b838.jpg,800,200,e,536,64,619,136
5e95af7c24daf.jpg,800,200,r,295,66,354,140
5e95af7c24daf.jpg,800,200,o,350,64,443,145
5e95af7c24daf.jpg,800,200,u,445,66,512,139
5e95af7c24daf.jpg,800,200,t,513,49,570,139
5e95af7c24daf.jpg,800,200,e,570,61,657,142
5e95af7c24daf.jpg,800,200,d,662,47,740,137
bumper.jpg,800,200,b,265,55,350,142
bumper.jpg,800,200,u,351,74,428,144
bumper.jpg,800,200,m,428,74,548,145
bumper.jpg,800,200,p,549,77,632,164
bumper.jpg,800,200,e,635,72,715,145
bumper.jpg,800,200,r,715,74,774,144
5e95b27d5175f.jpg,800,200,f,265,53,326,152
5e95b27d5175f.jpg,800,200,o,328,72,412,149
5e95b27d5175f.jpg,800,200,r,407,73,462,141
5e95b27d5175f.jpg,800,200,g,461,76,543,161
5e95b27d5175f.jpg,800,200,a,544,73,626,145
5e95b27d5175f.jpg,800,200,t,628,61,687,144
budges.jpg,800,200,b,71,54,156,146
budges.jpg,800,200,u,158,70,238,146
budges.jpg,800,200,d,238,54,324,149
budges.jpg,800,200,g,324,75,412,170
budges.jpg,800,200,e,410,73,487,145
budges.jpg,800,200,s,488,72,559,145
amebas.jpg,800,200,a,72,61,152,133
amebas.jpg,800,200,m,153,56,286,134
amebas.jpg,800,200,e,283,64,356,136
amebas.jpg,800,200,b,358,47,444,138
amebas.jpg,800,200,a,443,61,522,140
amebas.jpg,800,200,s,522,61,597,140
5e95b894a633f.jpg,800,200,g,219,53,304,151
5e95b894a633f.jpg,800,200,u,305,48,378,125
5e95b894a633f.jpg,800,200,i,381,31,416,123
5e95b894a633f.jpg,800,200,l,417,31,449,119
5e95b894a633f.jpg,800,200,t,451,41,505,117
5e95b894a633f.jpg,800,200,y,504,51,572,139
5e95bc7f1207c.jpg,800,200,i,32,54,65,145
5e95bc7f1207c.jpg,800,200,r,69,68,113,145
5e95bc7f1207c.jpg,800,200,o,112,60,203,152
5e95bc7f1207c.jpg,800,200,n,205,67,305,153
5e95bc7f1207c.jpg,800,200,e,308,68,372,148
5e95bc7f1207c.jpg,800,200,s,377,70,445,144
5e95ba845c1da.jpg,800,200,t,313,53,362,146
5e95ba845c1da.jpg,800,200,u,363,66,434,141
5e95ba845c1da.jpg,800,200,s,435,67,505,143
5e95ba845c1da.jpg,800,200,k,507,50,588,142
5e95ba845c1da.jpg,800,200,e,588,67,671,143
5e95ba845c1da.jpg,800,200,r,673,67,727,141
5e95ba1fcaa05.jpg,800,200,d,470,52,558,143
5e95ba1fcaa05.jpg,800,200,i,433,51,472,144
5e95ba1fcaa05.jpg,800,200,h,130,49,221,146
5e95ba1fcaa05.jpg,800,200,y,216,70,298,171
5e95ba1fcaa05.jpg,800,200,b,297,51,378,146
5e95ba1fcaa05.jpg,800,200,r,377,66,435,144
5e95bc7ae9f45.jpg,800,200,c,388,58,458,139
5e95bc7ae9f45.jpg,800,200,i,458,41,497,139
5e95bc7ae9f45.jpg,800,200,t,493,47,556,139
5e95bc7ae9f45.jpg,800,200,o,558,61,634,136
5e95bc7ae9f45.jpg,800,200,l,635,46,672,137
5e95bc7ae9f45.jpg,800,200,a,672,61,756,135
5e95b47b6b68e.jpg,800,200,p,183,52,270,143
5e95b47b6b68e.jpg,800,200,a,271,51,355,125
5e95b47b6b68e.jpg,800,200,d,357,37,441,124
5e95b47b6b68e.jpg,800,200,d,438,36,523,125
5e95b47b6b68e.jpg,800,200,l,524,35,560,125
5e95b47b6b68e.jpg,800,200,e,562,54,642,125
beebee.jpg,800,200,b,100,52,191,145
beebee.jpg,800,200,e,190,66,281,145
beebee.jpg,800,200,e,281,71,357,141
beebee.jpg,800,200,b,359,55,440,143
beebee.jpg,800,200,e,439,72,524,150
beebee.jpg,800,200,e,523,73,609,150
5e95ac127ce3c.jpg,800,200,o,49,63,131,136
5e95ac127ce3c.jpg,800,200,d,134,46,217,133
5e95ac127ce3c.jpg,800,200,d,217,46,304,135
5e95ac127ce3c.jpg,800,200,i,301,46,336,135
5e95ac127ce3c.jpg,800,200,t,335,51,390,136
5e95ac127ce3c.jpg,800,200,y,390,68,463,155
5e95b252708e0.jpg,800,200,s,166,63,241,143
5e95b252708e0.jpg,800,200,t,242,51,304,142
5e95b252708e0.jpg,800,200,i,305,45,332,138
5e95b252708e0.jpg,800,200,c,331,61,406,142
5e95b252708e0.jpg,800,200,h,408,42,489,142
5e95b252708e0.jpg,800,200,s,488,62,554,137
